Comments,Site,Nestbox,Attempt No. ,Species,Male ID,Female ID,First Egg Date,First Egg Date Certainty,Clutch Size,Incubation Begins Date,Eggs Hatched,Eggs Failed-to-Hatch,Eggs Abandoned,Eggs Depredated,Eggs Destroyed,Egg Unknown Fate,Brood Size,Hatch Date,HD Observed or Estimated?,Earliest Target Banding Date,Latest Target Banding Date,Date Banded,Nestlings Fledging,Nestlings Perishing,Nestlings Abandoned,Nestlings Depredated,Nestlings Destroyed,BAND numbers of Nestlings,Notes
Abandoned? Then depredated,Barbour Ranch,BRO1,1,WEBL,"OR r, BE/SV l",SVC-r,4/14/2021,Confirmed,5,4/18/2021,0,0,5,0,0,0,0,,,,,,,,,,,,
,Barbour Ranch ,BRO1,2,WEBL,,,5/6/2021,estimated ,4,5/9/2021,2,2,0,0,0,0,2,5/21/2021,estimated ,6/4/2021,6/6/2021,6/4/2021,,,,,,,"5/31 WC 29, 32"
,Barbour Ranch ,BRO10,1,TRES,,,5/16/2021,estimated ,4,5/19/2021,0,0,0,0,0,4,0,,,,,,,,,,,,
,Barbour Ranch ,BRO10,2,TRES,UB,UB,5/21/2021,estimated ,4,5/24/2021,4,0,0,0,0,0,4,6/2/2021,estimated ,6/14/421,6/16/2021,6/15/2021,,1,,,,,"Mites on banding day, used DE. 1 chick found dead in nest before, 6/14/21"
,Barbour Ranch ,BRO2,1,WEBL,,,5/8/2021,estimated ,5,5/12/2021,0,0,0,0,0,5,0,,,,,,,,,,,,
,Barbour Ranch ,BRO2,2,WEBL,"SV/RD(faded) right, GN/BK left (Must be old!) Very dark blue feathers.",,5/8/2021,estimated ,5,5/12/2021,3,2,0,0,0,0,3,5/23/2021,estimated ,6/5/2021,6/7/2021,6/7/2021,,,,,,,"5/31 WC 24, 28, 23"
,Barbour Ranch ,BRO2,3,TRES,,,6/18/2021,confirmed ,5,6/22/2021,0,0,0,0,0,5,0,,,,,,,,,,,,"Eggs gone, replace by WEBL nest. May be under WEBL nest?"
HOBO loggers,Barbour Ranch ,BRO2,4,WEBL,,,6/27/2021,estimated ,5,7/1/2021,3,1,0,0,0,1,3,7/4/2021,estimated,7/21/2021,7/23/2021,7/21/2021,,,,,,,
,Barbour Ranch,BRO3,1,WEBL,,,5/3/2021,confirmed ,5,5/7/2021,5,0,0,0,0,0,5,5/17/2021,Estimated ,5/31/2021,6/2/2021,6/2/2021,,,,,,,
HOBO loggers,Barbour Ranch ,BRO3,2,WEBL,,,6/29/2021,estimated ,3,7/1/2021,0,0,3,0,0,0,0,,,,,,,,,,,,
,Barbour Ranch ,BRO5,1,WEBL,,,5/9/2021,estimated ,4,5/13/2021,0,0,0,0,0,4,0,,,,,,,,,,,,; now 1 C seen 5/17
,Barbour Ranch ,BRO5,2,WEBL,BE/RD (R) OR/SV (L),Silver band on right leg,5/24/2021,confirmed,5,5/28/2021,4,0,0,0,0,1,4,6/14/2021,observed,,,-,0,0,0,4,0,,Box found fallen with no chicks inside
,Barbour Ranch ,BRO5,3,WEBL,,,6/30/2021,confirmed ,1,7/1/2021,0,0,0,0,0,0,0,,,,,,,,,,,,
HOBO loggers,Barbour Ranch ,BRO6,1,WEBL,,,4/14/2021,Confirmed ,4,4/17/2021,4,0,0,0,0,0,4,5/1/2021,estimated,5/15/2021,5/17/2021,5/15/2021,3,1,0,0,0,,"1 chick born without eyes (#1351-53375), banded but didn't fledge."
HOBO loggers,Barbour Ranch,BRO6,2,WEBL,,,6/21/2021,confimed,3,,3,,,,,,,7/13/2021,estimated,7/27/2021,7/29/2021,,,,,,,,
HOBO loggers,Barbour Ranch ,BRO7,1,WEBL,,,5/8/2021,estimated ,5,5/12/2021,2,2,0,0,0,1,2,5/21/2021,observed,6/4/2021,6/6/2021,6/4/2021,,,,,,,
HOBO loggers,Barbour Ranch ,BRO7,2,WEBL,,,6/28/2021,estimated ,4,7/2/2021,3,1,0,0,0,0,3,7/13/2021,estimated ,7/27/2021,7/29/2021,,,,,,,,
,Barbour Ranch ,BRO8,1,TRES,,,5/11/2021,estimated ,4,5/15/2021,2,1,0,0,0,1,2,5/28/2021,estimated ,6/9/2021,6/11/2021,6/10/2021,,,,,,,"6/7 WC 39, 38"
HOBO loggers,Barbour Ranch,BRO9,1,TRES,,,5/29/2021,estimated ,4,5/31/2021,4,0,0,0,0,0,4,6/5/2021,Estimated,6/17/2021,6/19/2021,6/20/2021,,2,,,,,"Lots of mites on banding day, used DE; two dead nestlings found 7/1: 2631-20886 & 7"
,Mace Blvd,MBNC0.5,1,WEBL,,,4/21/2021,Confirmed,1,,0,0,0,1,0,0,0,,,,,,,,,,,,"Egg gone, assumed depredated"
,Mace Blvd,MBNC0.5,2,WEBL,"BE/SV right, OR/RD left?","SV/BE right, RD/OR left?",5/8/2021,Estimated,5,5/12/2021,5,0,0,0,0,0,5,5/21/2021,Estimated,6/4/2021,6/6/2021,6/4/2021,5,0,0,0,0,,
,Mace Blvd,MBNC0.5,3,WEBL,,,6/22/2021,Confirmed,4,,,,,,,,,,,,,,,,,,,,
,Mace Blvd,MBNC1,1,WEBL,,,4/23/2021,Estimated,6,4/28/2021,6,0,0,0,0,0,6,5/10/2021,Estimated,5/23/2021,5/25/2021,5/25/2021,6,0,0,0,0,,
,Mace Blvd,MBNC1,2,TRES,,,6/13/2021,Estimated,4,6/16/2021,4,0,0,0,0,0,4,6/27/2021,Estimated,7/9/2021,7/11/2021,,,,,,,,
,Mace Blvd,MBNC10,1,WEBL,,,4/10/2021,Estimated,4,4/13/2021,4,0,0,0,0,0,4,4/26/2021,Estimated,5/10/2021,5/12/2021,5/12/2021,4,0,0,0,0,,
HOBO loggers,Mace Blvd,MBNC10,2,TRES,,SY,5/29/2021,Estimated,5,6/2/2021,5,0,0,0,0,0,5,6/14/2021,Estimated,6/26/2021,6/28/2021,6/29/2021,1,4,0,0,0,,"3 chicks found dead in nest on banding day. Mites, blow fly larvae on living chicks; chick with pink nail polish found dead 7/15/21"
HOBO loggers,Mace Blvd,MBNC11,1,TRES,unbanded,unbanded,4/13/2021,Confirmed,6,4/18/2021,5,1,0,0,0,0,5,5/4/2021,Estimated,5/15/2021,5/17/2021,5/17/2021,5,0,0,0,0,,
,Mace Blvd,MBNC11,2,WEBL,,,6/15/2021,Confirmed,4,6/23/2021,3,,,,,1,3,6/30/2021,Estimated,7/14/2021,7/16/2021,,,,,,,,
,Mace Blvd,MBNC12,1,WEBL,unbanded,,5/10/2021,Estimated,3,5/12/2021,3,0,0,0,0,0,3,5/20/2021,Estimated,6/3/2021,6/5/2021,6/4/2021,3,0,0,0,0,,
,Mace Blvd,MBNC12,2,WEBL,,,6/30/2021,Confirmed,5,7/7/2021,,,,,,,,,,,,,,,,,,,
,Mace Blvd,MBNC13,1,WEBL,unbanded M or F,,4/21/2021,Confirmed,1 so far,,0,0,0,0,0,1,0,,,,,,,,,,,,
,Mace Blvd,MBNC13,2,WEBL,"GN/SV right, BE/WH left",unbanded,5/8/2021,Confirmed,5,5/19/2021,5,0,0,0,0,0,5,5/25/2021,Estimated,6/8/2021,6/10/2021,6/10/2021,,,,,,,
,Mace Blvd,MBNC14,1,TRES,,unbanded SY,4/24/2021,Estimated,5,4/28/2021,5,0,0,0,0,0,5,5/11/2021,Estimated,5/23/2021,5/25/2021,5/25/2021,5,0,0,0,0,,
,Mace Blvd,MBNC14,2,ATFL,,,6/23/2021,Confirmed,4,6/30/2021,4,0,0,0,0,0,4,7/11/2021,Estimated,7/21/2021,7/23/2021,,,,,,,,
,Mace Blvd,MBNC15,1,WEBL,"SV/OR right, BE/GN left",,4/20/2021,Estimated,5,,5,0,0,0,0,0,5,5/10/2021,Estimated,5/22/2021,5/24/2021,5/25/2021,5,0,0,0,0,,
,Mace Blvd,MBNC15,2,WEBL,,,6/26/2021,Estimated,5,6/30/2021,4 so far,0,0,0,0,0,4,7/3/2021,Estimated,7/17/2021,7/19/2021,,,,,,,,
HOBO loggers,Mace Blvd,MBNC16,1,WEBL,,,5/18/2021,Confirmed,4,5/21/2021,4,0,0,0,0,0,4,6/5/2021,Estimated,6/17/2021,6/19/2021,6/20/2021,,3,,,,,
,Mace Blvd,MBNC2,1,TRES,banded M or F,Unbanded M or F,4/24/2021,Estimated,5,4/28/2021,5,0,0,0,0,0,5,5/4/2021,Estimated,5/15/2021,5/17/2021,5/13/2021,5,0,0,0,0,,
,Mace Blvd,MBNC2,2,TRES,,ASY,6/6/2021,Confirmed,4,6/9/2021,4,0,0,0,0,0,4,6/19/2021,Estimated,7/1/2021,7/3/2021,,,,,,,,
HOBO loggers,Mace Blvd,MBNC3,1,TRES,,,4/9/2021,Estimated,6,4/14/2021,6,0,0,0,0,0,6,4/27/2021,Estimated,5/9/2021,5/11/2021,5/11/2021,6,0,0,0,0,,
,Mace Blvd,MBNC3,2,WEBL,,unbanded,6/6/2021,Confirmed,4,6/9/2021,,,,,,,,,,,,,,,,,,,
,Mace Blvd,MBNC4,1,TRES,"SV right, RD left M or F",,5/7/2021,Estimated,6,5/12/2021,6,0,0,0,0,0,6,5/19/2021,Estimated,5/31/2021,6/2/2021,6/2/2021,6,0,0,0,0,,
HOBO loggers,Mace Blvd,MBNC5,1,TRES,banded M or F,,4/13/2021,Confirmed,6,4/18/2021,3,3,0,0,0,0,3,5/4/2021,Estimated,5/16/2021,5/18/2021,5/17/2021,3,0,0,0,0,,
,Mace Blvd,MBNC5,2,TRES,,Banded (recaptured),6/2/2021,Confirmed,6,6/9/2021,5,1,0,0,0,0,5,6/21/2021,Estimated,7/3/2021,7/5/2021,,,,,,,,
,Mace Blvd,MBNC6,1,WEBL,,unbanded,6/1/2021,Confirmed,2,,0,0,0,1,0,1,0,,,,,,,,,,,,
HOBO loggers,Mace Blvd,MBNC6,2,WEBL,,,6/9/2021,,5,6/13/2021,5,0,0,0,0,0,5,6/25/2021,Estimated,7/9/2021,7/11/2021,,,,,,,,
,Mace Blvd,MBNC7,1,WEBL,,,5/3/2021,Estimated,4,5/6/2021,3,0,0,0,0,1,3,5/22/2021,Estimated,6/5/2021,6/7/2021,6/7/2021,,,,,,,
,Mace Blvd,MBNC8,1,WEBL,banded w/ color bands,,5/11/2021,Estimated,5,5/12/2021,5,0,0,0,0,0,5,5/28/2021,Estimated,6/11/2021,6/13/2021,6/11/2021,,,,,,,
,Mace Blvd,MBNC9,1,TRES,,,5/31/2021,Estimated,4,6/2/2021,4,0,0,0,0,0,4,6/16/2021,Confirmed,6/30/2021,7/2/2021,,,,,,,,
,Mace Blvd,MBNE1,1,TRES,unbanded M or F,,4/27/2021,Estimated,5,4/28/2021,4,1,0,0,0,0,4,5/5/2021,Estimated,5/16/2021,5/18/2021,5/17/2021,,,,,,,
,Mace Blvd,MBNE1,2,TRES,,,6/1/2021,Confirmed,5,6/9/2021,5,0,0,0,0,0,5,6/18/2021,Estimated,6/30/2021,7/2/2021,,,,,,,,
,Mace Blvd,MBNE2,1,WEBL,unbanded  ,unbanded,4/25/2021,Estimated,5,4/28/2021,5,0,0,0,0,0,5,5/9/2021,Estimated ,5/23/2021,5/25/2021,5/25/2021,2,3,0,0,0,,"1 gone on banding day, 2 more found dead at fledge check"
,Mace Blvd,MBNE3,1,WEBL,unbanded,unbanded,5/1/2021,Confirmed,5,,5,0,0,0,0,0,5,5/16/2021,Estimated,5/29/2021,5/31/2021,6/1/2021,5,0,0,0,0,,
,Mace Blvd,MBNE3,2,WEBL,unbanded,unbanded,6/27/2021,Estimated,4,6/30/2021,,,,,,3,,,,,,,,,,,,,
,McNamara Orchard,MCE1,1,WEBL,,,5/14/2021,Confirmed,5,5/22/2021,4,1,0,0,0,0,4,6/1/2021,Estimated,,,-,,1,,,,,Taken to Wildlife Care Association for rehabilitation; nestlings likely abandoned from lumber activity in orchard
,McNamara Orchard,MCE1,2,ATFL,,,6/15/2021,Confirmed,4,,4,0,0,0,0,0,4,6/30/2021,Estimated,7/11/2021,7/13/2021,,,,,,,,
,McNamara Orchard,MCE1.5,3,TRES,unbanded?,unbanded? SY,5/27/2021,Confirmed,5,5/31/2021,0,0,5,0,0,0,0,,,,,,,,,,,,
,McNamara Orchard,MCE2,1,WEBL,"BE/GN right, BE/SV left",unbanded,5/21/2021,Estimated,5,5/22/2021,5,0,0,0,0,0,5,6/8/2021,Estimated,6/22/2021,6/24/2021,-,0,5,0,0,0,,Found 3 small skeletons in nest 6/17/21
,McNamara Orchard,MCE3,3,TRES,1 banded M or F,,5/21/2021,Confirmed,4,5/29/2021,4,0,0,0,0,0,4,6/7/2021,Estimated,6/19/2021,6/21/2021,6/21/2021,,1,,,,,
HOBO loggers,McNamara Orchard,MCE4,1,TRES,,,4/27/2021,Estimated,5,5/1/2021,4,1,0,0,0,0,4,5/10/2021,Estimated,5/21/2021,5/23/2021,-,0,0,0,0,4,,"HOSP took over. 2 dead nestlings found on ground: purple nails w/ WC 34, and green nails w/ WC 38."
HOBO loggers (left in),McNamara Orchard,MCE4,2,HOSP,,,5/23/2021,Confirmed,2,,0,0,0,0,2,0,0,-,,,,-,,,,,,,Purposefully destroyed eggs
,McNamara Orchard,MCE5,1,TRES,,,5/9/2021,Estimated,6,5/9/2021,4,1,0,0,0,0,5,5/28/2021,Estimated,6/7/2021,6/9/2021,-,0,0,0,5,0,,
HOBO loggers,McNamara Orchard,MCO1,1,WEBL,unbanded,unbanded,4/28/2021,Confirmed,5,5/9/2021,2,0,0,0,0,3,2,5/13/2021,Estimated ,5/27/2021,5/29/2021,5/28/2021,1,0,0,1,0,,"5 eggs seen 5/13/21, then 1 dead nestling and 1 live nestling seen 5/20/21, apparent predation. Unknown if other eggs hatched before predation. HOSP nest seen after fledging period, but no sign of last WEBL chick, assumed fledged."
,McNamara Orchard,MCO10,1,WEBL,,,5/20/2021,Estimated,3,5/22/2021,3,0,0,0,0,0,3,6/3/2021,Estimated,,,-,3?,,,,,,Taken to Wildlife Care Association for rehabilitation; tree cut down and nestlings likely abandoned
,McNamara Orchard,MCO2,1,TRES,,,5/11/2021,Estimated,5,5/15/2021,5,0,0,0,0,0,5,5/21/2021,Estimated  ,6/1/2021,6/3/2021,6/3/2021,5,0,0,0,0,,
,McNamara Orchard,MCO2,2,HOSP,,,7/3/2021,Estimated,1,7/3/2021,0,0,0,0,1,0,0,,,,,,0,0,0,0,0,,Purposefully destroyed eggs
,McNamara Orchard,MCO5,1,WEBL,,,5/14/2021,Confirmed,3,5/16/2021,3,0,0,0,0,0,3,5/30/2021,Estimated ,,,-,3?,,,,,,Taken to Wildlife Care Association for rehabilitation; tree cut down and nestlings likely abandoned
,McNamara Orchard,MCO6,1,WEBL,"RD/BE right, SV/WH left",unbanded,4/18/2021,Estimated,5,4/22/2021,4,0,0,0,0,0,4,5/6/2021,Estimated,5/16/2021,5/18/2021,5/18/2021,4,0,0,0,0,,
,McNamara Orchard,MCO7,1,WEBL,,,5/21/2021,Confirmed,4,5/24/2021,0,0,0,0,4,0,0,-,,,,-,,,,,,,"May have hatched. Tree cut down, box not found 6/5/21"
HOBO loggers,McNamara Orchard,MCO8,2,TRES,,,5/5/2021,Estimated,5,5/9/2021,5,0,0,0,0,0,5,5/17/2021,Estimated ,5/29/2021,5/31/2021,6/1/2021,2?,3?,0,0,0,,"Mites on banding day, used DE. Tree cut down, box found crushed on 6/5/21, two nestlings caught and taken to WCA"
,Picnic Grounds,PCC1,1,WEBL,"OR/SV left, WH/BE right",,5/7/2021,Estimated,4,5/10/2021,3,0,0,0,0,1,3,5/23/2021,Estimated ,6/6/2021,6/8/2021,6/6/2021,,,,,,,
,Picnic Grounds,PCC10,1,TRES,1 banded M or F,,4/20/2021,Estimated,5,4/24/2021,5,0,0,0,0,0,5,4/29/2021,Estimated,5/11/2021,5/13/2021,5/13/2021,5,0,0,0,0,5,
,Picnic Grounds,PCC10,2,TRES,,,6/3/2021,Estimated ,4,6/6/2021,4,0,0,0,0,0,4,6/20/2021,Confirmed,7/2/2021,7/4/2021,,,,,,,,
,Picnic Grounds,PCC11,1,TRES,1 banded M or F,,4/16/2021,Confirmed,6,4/21/2021,6,0,0,0,0,0,6,5/4/2021,Estimated,5/16/2021,5/18/2021,5/18/2021,6,0,0,0,0,6,
,Picnic Grounds,PCC11,2,TRES,1 banded M or F,,6/18/2021,Estimated,3,6/20/2021,3,0,0,0,0,0,0,7/3/2021,estimated,7/15/2021,7/17/2021,,,,,,,,
,Picnic Grounds,PCC12,1,TRES,,,4/28/2021,Estimated,5,5/2/2021,5,0,0,0,0,0,5,5/13/2021,Estimated,5/25/2021,5/27/2021,5/29/2021,5,0,0,0,0,5,
,Picnic Grounds,PCC13,1,WEBL,SV/BE l leg,OR/BE l ,5/1/2021,Estimated,3,5/3/2021,3,0,0,0,0,0,3,,,,,,,,,,,,
,Picnic Grounds,PCC13,2,TRES,unbanded,unbanded,6/6/2021,Estimated,4,6/9/2021,4,0,0,0,0,0,4,6/20/202,Confirmed,7/2/2021,7/4/2021,,,,,,,,
,Picnic Grounds,PCC16,1,TRES,unbanded,unbanded,4/28/2021,Estimated,5,5/2/2021,5,0,0,0,0,0,5,5/5/2021,Estimated,5/19/2021,5/21/2021,5/19/2021,5,0,0,0,0,5,
,Picnic Grounds,PCC18,1,WEBL,,,5/16/2021,Estimated,2,,0,0,0,0,2,0,0,,,,,,,,,,,,
,Picnic Grounds,PCC2,1,WEBL,,unbanded,6/3/2021,Estimated,4,6/6/2021,4,0,0,0,0,0,4,6/16/2021,Estimated ,6/30/2021,6/2/2021,,,,,,,,
,Picnic Grounds,PCC3,1,WEBL,banded,unbanded,4/2/2021,Confirmed,5,4/6/2021,5,0,0,0,0,0,5,4/19/2021,Estimated,5/3/2021,5/5/2021,5/4/2021,5,0,0,0,0,,
,Picnic Grounds,PCC3,2,WEBL,,,5/28/2021,Estimated,4,5/30/2021,4,0,0,0,0,0,4,6/12/2021,Estimated,6/26/2021,6/28/2021,,,,,,,,
,Picnic Grounds,PCC4,1,WEBL,"SV/GN r, OR/BE left",unbanded,4/17/2021,Confirmed,5,4/21/2021,4,1,0,0,0,0,4,5/4/2021,Estimated,5/18/2021,5/20/2021,5/19/2021,4,0,0,0,0,,
,Picnic Grounds,PCC5,1,TRES,Unbanded M or F,,5/8/2021,Estimated,5,5/12/2021,4,1,0,0,0,0,4,5/25/2021,Estimated,6/6/2021,6/8/2021,6/7/2021,,,,,,,
,Picnic Grounds,PCC6,1,WEBL,"SV l, GR/BE r ",OR r,6/4/2021,Estimated,4,6/7/2021,4,0,0,0,0,0,4,6/20/2021,Confirmed,7/4/2021,7/6/2021,,,,,,,,
,Picnic Grounds,PCC7,1,WEBL,unbanded,unbanded,5/5/2021,Estimated,5,5/9/2021,5,0,0,0,0,0,5,5/12/2021,Estimated,5/28/2021,5/30/2021,5/29/2021,,,,,,,
,Picnic Grounds,PCC7,2,WEBL,unbanded,unbanded,6/17/2021,Estimated,4,6/20/2021,,,,,,,,,,,,,,,,,,,
,Picnic Grounds,PCC8,1,TRES,,,4/27/2021,Estimated,6,5/2/2021,6,0,0,0,0,0,6,5/14/2021,Estimated,5/27/2021,5/29/2021,5/29/2021,,,,,,,
,Picnic Grounds,PCC9,1,WEBL,,unbanded,4/17/2021,Confirmed,5,4/21/2021,5,0,0,0,0,0,5,5/6/2021,Estimated,5/20/2021,5/22/2021,5/21/2021,4,1,0,0,0,,
HOBO loggers,Picnic Grounds,PCC9,2,TRES,unbanded,,6/4/2021,Estimated,3,6/6/2021,3,0,0,0,0,0,3,6/20/2021,Estimated,7/2/2021,7/4/2021,7/4/2021,2,0,0,1,0,,One nestling went missing between 6/25 & 7/2
,Picnic Grounds,PCE10,1,WEBL,"OR/WH r, BE/SV left",SV/BE r,6/11/2021,Estimated,4,6/14/2021,3,1,0,0,0,0,3,6/15/2021,Estimated,6/29/2021,7/1/2021,6/29/2021,3,0,0,0,0,,
,Picnic Grounds,PCE3,1,WEBL,"SV r leg, OE left leg",,4/12/2021,Estimated,4,4/16/2021,4,0,0,0,0,0,4,4/29/2021,Estimated,5/14/2021,5/16/2021,5/15/2021,4,0,0,0,0,,
,Picnic Grounds,PCE3,2,WEBL,RD/SV left leg,,6/12/2021,Estimated,3,6/14/2021,3,0,0,0,0,0,3,6/27/2021,Estimated ,7/11/2021,7/13/2021,7/11/2021,,,,,,,
,Picnic Grounds,PCE5,1,TRES,,,4/24/2021,Estimated,6,4/29/2021,6,0,0,0,0,0,6,5/13/2021,Estimated,5/27/2021,5/29/2021,5/28/2021,5,1,0,0,0,,
,Picnic Grounds,PCE6,1,TRES,unbanded M or F,,4/26/2021,Estimated,3,4/28/2021,3,0,0,0,0,0,3,5/12/2021,Estimated,5/24/2021,5/26/2021,5/25/2021,3,0,0,0,0,,
,Picnic Grounds,PCE6,2,TRES,banded,banded,6/17/2021,Estimated,4,6/20/2021,3,1,-,-,-,-,3,7/2/2021,Estimated ,7/14/2021,7/16/2021,7/14/2021,3,0,0,0,0,,
,Picnic Grounds,PCE7,1,WEBL,unbanded,unbanded,4/15/2021,Estimated,4,4/18/2021,4,0,0,0,0,0,4,4/29/2021,Estimated,5/13/2021,5/15/2021,5/13/2021,3,1,0,0,0,,"1 chick missing on banding day, others looked fine"
,Picnic Grounds,PCE7,2,WEBL,unbanded,unbanded,6/9/2021,Confirmed,4,6/12/2021,0,4,0,0,0,0,0,-,-,-,-,-,-,-,-,-,-,,
,Picnic Grounds,PCE8,1,TRES,,,4/24/2021,Confirmed,4,4/27/2021,0,2,0,0,1,1,0,-,-,-,-,-,-,-,-,-,-,,
,Picnic Grounds,PCE8,2,TRES,,,5/27/2021,Estimated,4,5/30/2021,3,1,0,0,0,0,3,6/11/2021,Confirmed,6/23/2021,6/25/2021,6/26/2021,3,0,0,0,0,,
,Picnic Grounds,PCE9,1,WEBL,RD/SV right,,4/24/2021,Confirmed,1,-,0,0,0,0,0,1,0,-,-,-,-,-,-,-,-,-,-,,
,Picnic Grounds,PCE9,2,TRES,,,6/11/2021,Estimated,4,6/14/2021,0,0,0,0,0,4,0,-,-,-,-,-,-,-,-,-,-,,
,Picnic Grounds,PCT1,1,WEBL,unbanded,,4/11/2021,Confirmed,5,4/15/2021,5,0,0,0,0,0,5,4/29/2021,Estimated,5/13/2021,5/15/2021,5/13/2021,4,1,0,0,0,,
,Picnic Grounds,PCT1,2,WEBL,,unbanded,6/15/2021,Confirmed,4,6/18/2021,4,0,0,0,0,0,4,6/30/2021,Estimated ,7/14/2021,7/16/2021,7/15/2021,,,,,,,
,Picnic Grounds,PCT10,1,WEBL,,unbanded,4/24/2021,Confirmed,5,4/28/2021,3,0,0,0,0,2,3,5/11/2021,Estimated,5/25/2021,5/27/2021,5/25/2021,3,0,0,0,0,,
,Picnic Grounds,PCT10,2,WEBL,,unbanded SY,6/19/2021,Estimated,4,6/22/2021,4,0,0,0,0,0,4,6/17/2021,Estimated ,6/27/2021,6/28/2021,6/28/2021,,,,,,,
HOBO loggers,Picnic Grounds,PCT2,1,WEBL,"OR/GN right, SV/OR left",,4/16/2021,Confirmed,5,4/20/2021,4,0,0,0,0,1,4,5/4/2021,Estimated,5/17/2021,5/20/2021,5/18/2021,4,0,0,0,0,,
,Picnic Grounds,PCT2,2,WEBL,,unbanded SY,6/11/2021,Estimated,5,6/15/2021,4,1,0,0,0,0,4,6/26/2021,Estimated ,7/11/2021,7/13/2021,7/11/2021,,,,,,,
,Picnic Grounds,PCT3,1,WEBL,"SV/OR r, BE/GN l",,5/1/2021,Estimated,5,5/5/2021,5,0,0,0,0,0,5,5/18/2021,Confirmed,6/1/2021,6/3/2021,-,0,0,0,5,0,,
,Picnic Grounds,PCT4,1,TRES,,banded,5/5/2021,Estimated,5,5/9/2021,5,0,0,0,0,0,5,5/20/2021,Estimated ,6/1/2021,6/3/2021,6/4/2021,5,0,0,0,0,,
,Picnic Grounds,PCT5,1,WEBL,unbanded,unbanded,4/14/2021,Estimated,5,-,0,0,0,0,0,5,0,-,-,-,-,-,,,,,,,
,Picnic Grounds,PCT5,2,WEBL,unbanded,,5/6/2021,Estimated,4,5/9/2021,3,1,0,0,0,0,3,5/21/2021,Estimated ,6/4/2021,6/6/2021,6/6/2021,,,,,,,
,Picnic Grounds,PCT6,1,WEBL,,"RD/GN r, OR/SV l",6/12/2021,Estimated,4,6/15/2021,3,0,0,0,0,1,3,6/20/2021,Confirmed,7/4/2021,7/6/2021,7/5/2021,3,0,0,0,0,,
HOBO loggers,Picnic Grounds,PCT7 ,1,WEBL,"SV/OR r, BE/GN l","SV/OR r, GN/WH l",4/15/2021,Estimated,5,4/19/2021,5,0,0,0,0,0,5,5/3/2021,Estimated,5/16/2021,5/19/2021,5/19/2021,5,0,0,0,0,,
,Picnic Grounds,PCT8,1,TRES,,,5/16/2021,Estimated,5,5/20/2021,5,0,0,0,0,0,5,6/2/2021,Estimated ,6/14/2021,6/16/2021,,,,,,,,
HOBO loggers,Picnic Grounds,PCT9,1,WEBL,SVC-r,unbanded,4/16/2021,Confirmed,5,4/20/2021,4,1,0,0,0,0,4,5/3/2021,Estimated,5/16/2021,5/19/2021,5/18/2021,4,0,0,0,0,,
,Picnic Grounds,PCT9 ,2,WEBL,,,6/18/2021,Estimated,4,6/21/2021,2,2,0,0,0,0,2,7/2/2021,Estimated ,7/17/2021,7/19/2021,7/20/2021,,,,,,,
,Russell Ranch,RRC11,2,TRES,Unbanded,Unbanded,5/25/2021,estimated,6,5/27/2021,3,0,0,0,0,3,3,6/8/2021,observed,6/20/2021,6/22/2021,6/21/2021,,,,,,,
,Russell Ranch,RRC12,1,TRES,,,4/27/2021,Estimated,3,4/29/2021,0,0,1,2,0,0,0,,,,,,,,,,,,
,Russell Ranch,RRC12,2,TRES,unbanded,unbanded SY,5/16/2021,estimated,6,5/21/2021,5,0,0,0,0,1,5,,,,,6/17/2021,,2,,,,,orange and purple found dead in nest 7/1/21
HOBO loggers,Russell Ranch,RRC13,1,WEBL,"BE/GN (L); OR,SV (R)",,5/9/2021,estimated,5,5/13/2021,5,0,0,0,0,0,5,5/24/2021,estimated ,6/7/2021,6/9/2021,6/7/2021,,,,,,,"5/27 WC 9, 9 11, 6.5"
HOBO loggers,Russell Ranch,RRC14,1,TRES,UB,UB. SY?,4/21/2021,estimated,6,4/26/2021,6,0,0,0,0,0,6,5/10/2021,Estimated,5/22/2021,5/24/2021,5/24/2021,2,4,0,0,0,,2 missing 5/20/21 and 2 more missing on banding day
,Russell Ranch,RRC14,2,WEBL,,,6/23/2021,estimated,2,6/24/2021,1,0,0,0,0,0,0,7/6/2021,estimated,7/18/2021,7/20/2021,,,,,,,,
,Russell Ranch,RRC15,1,WEBL,unbanded,unbanded,4/18/2021,estimated,5,4/22/2021,5,0,0,0,0,0,5,5/5/2021,Estimated,5/18/2021,5/21/2021,5/20/2021,5,0,0,0,0,,
HOBO loggers,Russell Ranch,RRC15,2,TRES,,,6/7/2021,estimated,4,6/10/2021,0,4,0,0,0,1,0,,,,,,,,,,,,
,Russell Ranch,RRC5,1,TRES,,,4/28/2021,estimated,3,,0,0,0,0,1,2,0,,,,,,,,,,,,egg found broken in nest; maybe due to poor nest cup 
HOBO loggers,Russell Ranch,RRC6,1,WEBL,,,4/7/2021,Estimated,1,,0,0,0,0,0,1,,,,,,,,,,,,,"Egg found broken on 4/8/21, not seen before that"
HOBO loggers,Russell Ranch,RRC8,1,WEBL,,,4/28/2021,estimated,2 so far,5/2/2021,0,0,0,0,0,2,0,,,,,,,,,,,,
HOBO loggers,Russell Ranch,RRC9,1,TRES,,,4/27/2021,estimated,6,5/3/2021,0,0,0,0,0,0,6,5/15/2021,Estimated,5/27/2021,5/29/2021,5/28/2021,,,,,,,
,Russell Ranch,RRE10,1,WEBL,"GN/GN right, SV/BE left",unbanded,4/18/2021,estimated,5,4/22/2021,4,1,0,0,0,0,4,5/4/2021,Estimated,5/17/2021,5/20/2021,5/19/2021,4,0,0,0,0,,0
,Russell Ranch,RRE10,2,WEBL,"GN/GN right, SV/BE left",unbanded,6/22/2021,estimated,3,6/24/2021,3,0,0,0,0,0,3,7/6/2021,estimated,7/20/2021,7/22/2021,,,,,,,,
,Russell Ranch,RRE12,1,WEBL,,,5/3/2021,estimated,5,5/7/2021,5,0,0,0,0,0,0,5/18/2021,Estimated,5/31/2021,6/2/2021,6/3/2021,,,,,,,"5/27 WC: 29, 29, 30, 35"
,Russell Ranch,RRE15,1,TRES,1 banded M or F,1 unbanded M or F,4/19/2021,estimated,6,4/24/2021,5,1,0,0,0,0,5,5/8/2021,Estimated,5/19/2021,5/21/2021,"supposed to be banded 5/20/21, all died",0,1,0,5,0,,"dead chick with blowfly larvae 2 hole in neck, hot pink toes; WC: 19; also no eyes or dried up? used DE; based on WC, predation event dated to 5/15"
,Russell Ranch,RRE16,1,WEBL,"OR/SV right, BE/GN left",UB,5/13/2021,confirmed,5,5/17/2021,5,0,0,0,0,0,5,5/30/2021,estimated,6/13/2021,6/15/2021,6/15/2021,5,0,0,0,0,,"6/6 WC 17, 19, 20"
,Russell Ranch,RRE18,1,WEBL,,,5/18/2021,estimated,4,5/21/2021,0,0,2,0,1,1,0,,,,,,,,,,,,
,Russell Ranch,RRE5,1,WEBL,"?/WH right, SV/BE left",,4/20/2021,estimated,6,4/25/2021,4,0,0,0,0,2,4,5/9/2021,Estimated,5/21/2021,5/23/2021,5/21/2021,4,0,0,0,0,,"5/13 WC: 14, 15.5, 15"
HOBO loggers,Russell Ranch,RRE6,1,ATFL,,,5/18/2021,estimated,4,5/22/2021,0,2,2,0,1,1,0,,,,,,,,,,,,
,Russell Ranch,RRE7,1,TRES,,,5/23/2021,estimated,5,5/27/2021,0,0,0,0,0,0,0,,,,,,,,,,,,
,Russell Ranch,RRE9,1,WEBL,,,4/21/2021,estimated,5,4/25/2021,4,0,0,0,0,1,4,5/9/2021,Estimated,5/23/2021,5/25/2021,5/24/2021,2,2,0,0,0,,2 missing on banding day
,Russell Ranch,RRE9,2,WEBL,,,6/11/2021,confirmed ,4,6/18/2021,3,0,0,0,0,0,0,6/30/2021,estimated,7/13/2021,7/15/2021,7/13/2021,,,,,,,
