band_number,year,Nestbox,color,date,Species,Sex,blood_num,Age,life_stage,attempt,attempt_id,weight,wing,tail,skull,bill,tarsus,gweight,gwing,gtail,gskull,gbill,gtarsus,pweight,pwing,ptail,pskull,pbill,ptarsus,occasion,ind_id,brood_size,age,blood_num_mother,site,habitat,interval,juliandate,canopy_cover,meanmaxtempI,maxmaxtempI,cumulativeover40I,meanmaxtempO,maxmaxtempO,cumulativeover40O,meanh,meanmaxh,meanminh,meanmintempI,minmintempI,meanmintempO,minmintempO,cort_s1_mother,cort_s2_mother,cort_s1,cort_s2
NA,2021,MBNG12,Blue,2021-05-07,TRES,U,NA,L,nestling,1,2021_MBNG12_1,2.7,8,0,12.5,1.6,5.4,NA,NA,NA,NA,NA,NA,NA,NA,NA,NA,NA,NA,1,2631-20639,6,1,NA,MB,Grassland,2021-04-29 17:00:00 PDT--2021-05-06 17:00:00 PDT,127,82.256,36.767125,43.58,6.25,35.521375,40.147999999999996,2.6666666666666665,48.003580729166664,79.8745625,19.42,10.666187500000001,6.69,10.167,6.22,NA,NA,NA,NA
NA,2021,MBNG12,Blue,2021-05-12,TRES,U,NA,L,nestling,1,2021_MBNG12_1,12.3,20,0,23.5,3.2,9.4,1.9200000000000004,2.4,0,2.2,0.32,0.8,0.14222222222222225,0.06,NA,0.0352,0.039999999999999994,0.029629629629629627,2,2631-20639,6,5,NA,MB,Grassland,2021-05-04 17:00:00 PDT--2021-05-11 17:00:00 PDT,132,82.256,38.824187499999994,44.94049999999999,10.583333333333334,36.961375,41.082499999999996,7.916666666666666,39.939487847222225,68.9316875,15.61975,11.2475,7.837999999999999,10.607625,7.03,NA,NA,NA,NA
2631-20639,2021,MBNG12,Blue,2021-05-17,TRES,U,NA,L,nestling,1,2021_MBNG12_1,19.3,42,5,23,4.2,12.5,1.4,4.4,1,-0.1,0.2,0.6199999999999999,0.022764227642276418,0.044000000000000004,Inf,-8.51063829787234e-4,0.0125,0.013191489361702124,3,2631-20639,6,9,NA,MB,Grassland,2021-05-09 17:00:00 PDT--2021-05-16 17:00:00 PDT,137,82.256,35.5271875,44.94049999999999,7.083333333333333,34.281625,41.082499999999996,5.25,51.47506076388889,78.1523125,26.003249999999998,10.927875,7.837999999999999,9.941,7.03,NA,NA,NA,NA
NA,2021,PICG1,Yellow,2021-05-28,WEBL,U,NA,L,nestling,1,2021_PICG1_1,14.5,15,0,23.8,3.4,13.8,NA,NA,NA,NA,NA,NA,NA,NA,NA,NA,NA,NA,1,2941-18448,3,6,NA,PG,Grassland,2021-05-20 17:00:00 PDT--2021-05-27 17:00:00 PDT,148,0,31.794874999999998,34.0145,0,36.452687499999996,39.666,1.25,44.88052517361111,75.045,21.2578125,11.8183125,7.474,10.7623125,6.52,NA,NA,NA,NA
NA,2021,PICG1,Yellow,2021-06-04,WEBL,U,NA,L,nestling,1,2021_PICG1_1,27,45,13,31,5.3,20.2,1.7857142857142858,4.285714285714286,1.8571428571428572,1.0285714285714285,0.2714285714285714,0.914285714285714,0.017593244194229415,0.04081632653061224,Inf,0.0061738981306808435,0.01140456182472989,0.009464655427388344,2,2941-18448,3,10,NA,PG,Grassland,2021-05-27 17:00:00 PDT--2021-06-03 17:00:00 PDT,155,0,37.384,42.582499999999996,5.25,42.035375,47.432500000000005,28.916666666666668,50.062404513888886,80.045375,23.99725,13.7309375,11.594,12.5233125,10.59,NA,NA,NA,NA
2941-18448,2021,PICG1,Yellow,2021-06-07,WEBL,F,NA,L,nestling,1,2021_PICG1_1,27.1,58,23,30.8,5.8,19.8,0.033333333333333805,4.333333333333333,3.3333333333333335,-0.06666666666666643,0.16666666666666666,-0.13333333333333286,4.115226337448618e-4,0.03209876543209877,0.08547008547008549,-7.168458781361981e-4,0.010482180293501049,-0.0022002200220021923,3,2941-18448,3,17,NA,PG,Grassland,2021-05-30 17:00:00 PDT--2021-06-06 17:00:00 PDT,158,0,37.117437499999994,42.582499999999996,5.25,41.4399375,47.432500000000005,25.5,47.84431423611111,77.08512499999999,23.4193125,14.0359375,12.95,12.7535,11.4955,NA,NA,NA,NA
NA,2021,PICG3,Blue,2021-07-02,TRES,U,NA,L,nestling,2,2021_PICG3_2,4.1,9,0,16.1,2,6.8,NA,NA,NA,NA,NA,NA,NA,NA,NA,NA,NA,NA,1,2021_PICG3_2_Blue,3,4,NA,PG,Grassland,2021-06-24 17:00:00 PDT--2021-07-01 17:00:00 PDT,183,0,37.8366875,42.156000000000006,5.416666666666666,38.470375000000004,40.97,8.583333333333334,54.951328124999996,82.23287499999999,30.6294375,15.2584375,13.224,14.901250000000001,12.95,NA,NA,NA,NA
NA,2021,PICG3,Blue,2021-07-09,TRES,U,NA,L,nestling,2,2021_PICG3_2,15.4,40,6,23.9,3,11.7,1.6142857142857143,4.428571428571429,0.8571428571428571,1.1142857142857139,0.14285714285714285,0.7,0.05624688899950225,0.07029478458049887,Inf,0.009887184687539607,0.01020408163265306,0.014705882352941176,2,2021_PICG3_2_Blue,3,11,NA,PG,Grassland,2021-07-01 17:00:00 PDT--2021-07-08 17:00:00 PDT,190,0,38.9348125,47.413,12.583333333333332,39.661875,46.07,14.25,52.84591145833333,84.3513125,26.1049375,13.346875,11.6115,12.975624999999999,11.1815,NA,NA,NA,NA
NA,2021,PICG3,Blue,2021-07-12,WEBL,U,NA,L,nestling,2,2021_PICG3_2,13.6,51,13,23.4,3.1,11.8,-0.6000000000000002,3.6666666666666665,2.3333333333333335,-0.16666666666666666,0.03333333333333336,0.033333333333333805,-0.012987012987012991,0.030555555555555555,0.12962962962962962,-0.0023245002324500234,0.003703703703703707,9.496676163342965e-4,3,2021_PICG3_2_Blue,3,13,NA,PG,Grassland,2021-07-04 17:00:00 PDT--2021-07-11 17:00:00 PDT,193,0,41.403437499999995,50.488,21.666666666666664,41.1803125,46.67,26.916666666666664,49.20210503472222,79.9626875,23.9631875,14.1298125,11.6115,13.723625,11.1815,NA,NA,NA,NA
NA,2021,RRRG1,Blue,2021-06-17,TRES,U,NA,L,nestling,2,2021_RRRG1_2,3.3,8,0,13.8,1.7,5.2,NA,NA,NA,NA,NA,NA,NA,NA,NA,NA,NA,NA,1,2631-20715,4,1,NA,RR,Grassland,2021-06-09 17:00:00 PDT--2021-06-16 17:00:00 PDT,168,NA,34.989,43.9125,11,37.807937499999994,48.72349999999999,14.5,44.614657118055554,78.23006249999999,19.39675,13.595125,7.878,12.406437500000001,6.3454999999999995,NA,NA,NA,NA
NA,2021,RRRG1,Blue,2021-06-24,TRES,U,NA,L,nestling,2,2021_RRRG1_2,17.3,34,4,12.9,3.5,12.4,2,3.7142857142857144,0.5714285714285714,-0.12857142857142861,0.2571428571428572,1.0285714285714287,0.08658008658008658,0.0663265306122449,Inf,-0.0013309671694764866,0.021608643457382955,0.0282574568288854,2,2631-20715,4,9,NA,RR,Grassland,2021-06-16 17:00:00 PDT--2021-06-23 17:00:00 PDT,175,NA,37.393125,43.9125,13.333333333333334,41.6113125,48.72349999999999,30.25,42.874995659722224,71.9031875,18.809124999999998,15.9341875,14.63,15.0739375,13.881499999999999,NA,NA,NA,NA
2631-20715,2021,RRRG1,Blue,2021-06-28,TRES,U,NA,L,nestling,2,2021_RRRG1_2,19.5,55,19,25,4.4,13.1,0.5499999999999998,5.25,3.75,3.025,0.2250000000000001,0.17499999999999982,0.007947976878612715,0.03860294117647059,0.234375,0.05862403100775194,0.016071428571428577,0.0035282258064516093,3,2631-20715,4,11,NA,RR,Grassland,2021-06-20 17:00:00 PDT--2021-06-27 17:00:00 PDT,179,NA,35.454187499999996,38.035999999999994,0,39.3421875,42.092999999999996,16.833333333333332,49.52486111111111,77.615375,25.6525625,15.3313125,13.881499999999999,14.2733125,12.454,NA,NA,NA,NA
NA,2021,RRRG1,Pink,2021-06-17,TRES,U,NA,L,nestling,2,2021_RRRG1_2,2.4,7,0,12.8,1.6,5.5,NA,NA,NA,NA,NA,NA,NA,NA,NA,NA,NA,NA,1,2631-20713,4,1,NA,RR,Grassland,2021-06-09 17:00:00 PDT--2021-06-16 17:00:00 PDT,168,NA,34.989,43.9125,11,37.807937499999994,48.72349999999999,14.5,44.614657118055554,78.23006249999999,19.39675,13.595125,7.878,12.406437500000001,6.3454999999999995,NA,NA,NA,NA
NA,2021,RRRG1,Pink,2021-06-24,TRES,U,NA,L,nestling,2,2021_RRRG1_2,13.5,28,2,12.6,3.4,12,1.5857142857142856,3,0.2857142857142857,-0.028571428571428723,0.2571428571428571,0.9285714285714286,0.09438775510204081,0.061224489795918366,Inf,-3.188775510204098e-4,0.022959183673469385,0.02411873840445269,2,2631-20713,4,9,NA,RR,Grassland,2021-06-16 17:00:00 PDT--2021-06-23 17:00:00 PDT,175,NA,37.393125,43.9125,13.333333333333334,41.6113125,48.72349999999999,30.25,42.874995659722224,71.9031875,18.809124999999998,15.9341875,14.63,15.0739375,13.881499999999999,NA,NA,NA,NA
2631-20713,2021,RRRG1,Pink,2021-06-28,TRES,U,NA,L,nestling,2,2021_RRRG1_2,17,49,11,24.5,3.9,12,0.875,5.25,2.25,2.975,0.125,0,0.016203703703703703,0.046875,0.28125,0.05902777777777778,0.009191176470588236,0,3,2631-20713,4,11,NA,RR,Grassland,2021-06-20 17:00:00 PDT--2021-06-27 17:00:00 PDT,179,NA,35.454187499999996,38.035999999999994,0,39.3421875,42.092999999999996,16.833333333333332,49.52486111111111,77.615375,25.6525625,15.3313125,13.881499999999999,14.2733125,12.454,NA,NA,NA,NA
NA,2021,RRRG1,Purple,2021-06-17,TRES,U,NA,L,nestling,2,2021_RRRG1_2,2.3,7,0,13.3,1.8,5.1,NA,NA,NA,NA,NA,NA,NA,NA,NA,NA,NA,NA,1,2631-20714,4,1,NA,RR,Grassland,2021-06-09 17:00:00 PDT--2021-06-16 17:00:00 PDT,168,NA,34.989,43.9125,11,37.807937499999994,48.72349999999999,14.5,44.614657118055554,78.23006249999999,19.39675,13.595125,7.878,12.406437500000001,6.3454999999999995,NA,NA,NA,NA
NA,2021,RRRG1,Purple,2021-06-24,TRES,U,NA,L,nestling,2,2021_RRRG1_2,11.7,23,1,11.7,3.5,11.2,1.3428571428571427,2.2857142857142856,0.14285714285714285,-0.2285714285714288,0.24285714285714285,0.8714285714285713,0.0834072759538598,0.04664723032069971,Inf,-0.002455117385299987,0.01927437641723356,0.024409763905562227,2,2631-20714,4,9,NA,RR,Grassland,2021-06-16 17:00:00 PDT--2021-06-23 17:00:00 PDT,175,NA,37.393125,43.9125,13.333333333333334,41.6113125,48.72349999999999,30.25,42.874995659722224,71.9031875,18.809124999999998,15.9341875,14.63,15.0739375,13.881499999999999,NA,NA,NA,NA
2631-20714,2021,RRRG1,Purple,2021-06-28,TRES,U,NA,L,nestling,2,2021_RRRG1_2,18.1,44,12,24.4,4.2,11.7,1.6000000000000005,5.25,2.75,3.175,0.17500000000000004,0.125,0.0341880341880342,0.057065217391304345,0.6875,0.06784188034188034,0.012500000000000002,0.0027901785714285715,3,2631-20714,4,11,NA,RR,Grassland,2021-06-20 17:00:00 PDT--2021-06-27 17:00:00 PDT,179,NA,35.454187499999996,38.035999999999994,0,39.3421875,42.092999999999996,16.833333333333332,49.52486111111111,77.615375,25.6525625,15.3313125,13.881499999999999,14.2733125,12.454,NA,NA,NA,NA
NA,2022,MBNC11,Green2,2022-05-10,TRES,U,NA,L,nestling,1,2022_MBNC11_1,16.3,38,7,22.8,3.4,10.8,NA,NA,NA,NA,NA,NA,NA,NA,NA,NA,NA,NA,1,2631-20731,5,11,B051,MB,Forest,2022-05-02 17:00:00 PDT--2022-05-09 17:00:00 PDT,130,66.622,25.3093125,33.46,0,25.961,34.6025,0,55.27126302083333,76.95962499999999,36.614125,10.2894375,5.19,9.3983125,4.16,3408,24145,NA,NA
2631-20731,2022,MBNC11,Green2,2022-05-12,TRES,U,NA,L,nestling,1,2022_MBNC11_1,17.2,44,10,21.6,3.6,10,0.4499999999999993,3,1.5,-0.5999999999999996,0.10000000000000009,-0.40000000000000036,0.01380368098159507,0.039473684210526314,0.10714285714285714,-0.013157894736842098,0.01470588235294119,-0.018518518518518535,2,2631-20731,5,13,B051,MB,Forest,2022-05-04 17:00:00 PDT--2022-05-11 17:00:00 PDT,132,66.622,23.8849375,27.67,0,24.24625,27.84,0,58.64427083333333,81.0066875,37.942,8.975125,5.19,7.8779375,4.16,3408,24145,NA,NA
NA,2022,MBNC11,Orange,2022-05-04,TRES,U,NA,L,nestling,1,2022_MBNC11_1,4.7,10,0,17.2,2.9,7.8,NA,NA,NA,NA,NA,NA,NA,NA,NA,NA,NA,NA,1,2631-20729,5,4,B051,MB,Forest,2022-04-26 17:00:00 PDT--2022-05-03 17:00:00 PDT,124,66.622,27.755499999999998,33.46,0,29.0324375,34.6025,0,53.155598958333336,77.358375,30.218875,9.7436875,7.564,9.116875,6.964,3408,24145,NA,NA
NA,2022,MBNC11,Orange,2022-05-10,TRES,U,B087,L,nestling,1,2022_MBNC11_1,16.6,34,5,23.3,3.6,12.6,1.9833333333333336,4,0.8333333333333334,1.0166666666666668,0.1166666666666667,0.7999999999999999,0.07033096926713948,0.06666666666666667,Inf,0.009851421188630494,0.006704980842911879,0.017094017094017092,2,2631-20729,5,11,B051,MB,Forest,2022-05-02 17:00:00 PDT--2022-05-09 17:00:00 PDT,130,66.622,25.3093125,33.46,0,25.961,34.6025,0,55.27126302083333,76.95962499999999,36.614125,10.2894375,5.19,9.3983125,4.16,3408,24145,25680,NA
2631-20729,2022,MBNC11,Orange,2022-05-12,TRES,U,NA,L,nestling,1,2022_MBNC11_1,18,41,8,21.8,3.5,11.8,0.6999999999999993,3.5,1.5,-0.75,-0.050000000000000044,-0.39999999999999947,0.021084337349397568,0.051470588235294115,0.15,-0.016094420600858368,-0.00694444444444445,-0.01587301587301585,3,2631-20729,5,13,B051,MB,Forest,2022-05-04 17:00:00 PDT--2022-05-11 17:00:00 PDT,132,66.622,23.8849375,27.67,0,24.24625,27.84,0,58.64427083333333,81.0066875,37.942,8.975125,5.19,7.8779375,4.16,3408,24145,NA,NA
NA,2022,MBNG21,Green,2022-04-19,WEBL,U,NA,L,nestling,1,2022_MBNG21_1,5.6,9,0,18.4,2,8.3,NA,NA,NA,NA,NA,NA,NA,NA,NA,NA,NA,NA,1,2941-94503,4,3,B005,MB,Grassland,2022-04-11 17:00:00 PDT--2022-04-18 17:00:00 PDT,109,NA,NA,-Inf,0,NA,-Inf,0,65.12136284722223,88.58143749999999,40.42225,NA,Inf,NA,Inf,8325.5,73675,NA,NA
NA,2022,MBNG21,Green,2022-04-26,WEBL,U,B017,L,nestling,1,2022_MBNG21_1,25.1,31,4,28.6,5,19.5,2.7857142857142856,3.142857142857143,0.5714285714285714,1.4571428571428575,0.42857142857142855,1.5999999999999999,0.07106413994169096,0.04988662131519274,Inf,0.011313220940550137,0.030612244897959183,0.02753872633390705,2,2941-94503,4,9,B005,MB,Grassland,2022-04-18 17:00:00 PDT--2022-04-25 17:00:00 PDT,116,NA,NA,-Inf,0,NA,-Inf,0,64.35850260416666,91.1096875,33.83375,NA,Inf,NA,Inf,8325.5,73675,3500,10054.5
2941-94503,2022,MBNG21,Green,2022-05-02,WEBL,F,B101,L,nestling,1,2022_MBNG21_1,26.7,58,21,28.5,5.7,20.9,0.26666666666666633,4.5,2.8333333333333335,-0.016666666666666902,0.1166666666666667,0.2333333333333331,0.0017706949977866289,0.024193548387096777,0.11805555555555557,-9.71250971250985e-5,0.0038888888888888896,0.0019943019943019923,3,2941-94503,4,17,B005,MB,Grassland,2022-04-24 17:00:00 PDT--2022-05-01 17:00:00 PDT,122,NA,NA,-Inf,0,NA,-Inf,0,57.001414930555555,86.0346875,28.795125000000002,NA,Inf,NA,Inf,8325.5,73675,NA,NA
NA,2022,MBNR1,Orange,2022-04-28,WEBL,U,NA,L,nestling,1,2022_MBNR1_1,20.6,22,1,28,4.6,18.7,NA,NA,NA,NA,NA,NA,NA,NA,NA,NA,NA,NA,1,2941-94506,5,8,B048,MB,Row crop,2022-04-20 17:00:00 PDT--2022-04-27 17:00:00 PDT,118,3.882000000000005,29.778937499999998,36.792500000000004,0,30.011812499999998,34.986,0,52.35703125,78.14025,22.8239375,10.7463125,8.308,9.11875,7.25,4526.5,27135,NA,NA
2941-94506,2022,MBNR1,Orange,2022-05-02,WEBL,U,B106,L,nestling,1,2022_MBNR1_1,20.7,39,9,27.9,3.7,20.3,0.024999999999999467,4.25,2,-0.025000000000000355,-0.22499999999999987,0.40000000000000036,3.033980582524207e-4,0.048295454545454544,0.5,-2.2321428571428888e-4,-0.012228260869565211,0.005347593582887705,2,2941-94506,5,12,B048,MB,Row crop,2022-04-24 17:00:00 PDT--2022-05-01 17:00:00 PDT,122,3.882000000000005,31.5115625,34.346,0,32.06625,34.4,0,47.952486979166665,74.384875,20.1146875,11.2389375,9.664,9.46125,7.68,4526.5,27135,6957.5,NA
NA,2022,PCC6,Blue2,2022-05-06,WEBL,U,NA,L,nestling,1,2022_PCC6_1,24.2,39,10,30.2,5.1,19.6,NA,NA,NA,NA,NA,NA,NA,NA,NA,NA,NA,NA,1,2941-18497,6,11,B079,PG,Forest,2022-04-28 17:00:00 PDT--2022-05-05 17:00:00 PDT,126,NA,26.706249999999997,32,0,26.956249999999997,31,0,51.77777777777778,72.4988125,32.4281875,12.0875,9.350000000000001,10.79375,8.350000000000001,16275,54590,NA,NA
2941-18497,2022,PCC6,Blue2,2022-05-09,WEBL,F,B078,L,nestling,1,2022_PCC6_1,24.2,53,17,29.7,5.8,20.8,0,4.666666666666667,2.3333333333333335,-0.16666666666666666,0.2333333333333334,0.39999999999999974,0,0.039886039886039885,0.07777777777777778,-0.0018395879323031639,0.015250544662309374,0.006802721088435369,2,2941-18497,6,11,B079,PG,Forest,2022-05-01 17:00:00 PDT--2022-05-08 17:00:00 PDT,129,NA,24.581249999999997,32,0,24.706249999999997,31,0,51.43942274305556,69.52974999999999,34.730625,12,8,10.75,7,16275,54590,4789,60650
NA,2022,PICG1,Blue,2022-05-21,TRES,U,NA,L,nestling,1,2022_PICG1_1,13,16,1,23.9,3.4,14.3,NA,NA,NA,NA,NA,NA,NA,NA,NA,NA,NA,NA,1,2941-94532,5,6,NA,PG,Grassland,2022-05-13 17:00:00 PDT--2022-05-20 17:00:00 PDT,141,0,38.702,42.236,16.5,36.3144375,39.7385,1,44.06881076388889,70.670125,21.401000000000003,13.271249999999998,9.721499999999999,12.204375,8.8215,NA,NA,NA,NA
NA,2022,PICG1,Blue,2022-05-24,WEBL,U,NA,L,nestling,1,2022_PICG1_1,18.8,28,2,29.1,4.2,18.9,1.9333333333333336,4,0.3333333333333333,1.7333333333333343,0.2666666666666668,1.5333333333333325,0.049572649572649584,0.08333333333333333,0.1111111111111111,0.024174802417480257,0.026143790849673217,0.03574203574203572,2,2941-94532,5,9,NA,PG,Grassland,2022-05-16 17:00:00 PDT--2022-05-23 17:00:00 PDT,144,0,39.9855625,42.236,30.333333333333336,37.2926875,40.05049999999999,6,38.143328993055555,64.95174999999999,16.5360625,13.974124999999999,9.721499999999999,12.798562500000001,8.8215,NA,NA,NA,NA
2941-94532,2022,PICG1,Blue,2022-05-31,WEBL,F,B149,L,nestling,1,2022_PICG1_1,21.1,53,17,28.8,5.5,21.3,0.3285714285714287,3.5714285714285716,2.142857142857143,-0.04285714285714296,0.1857142857142857,0.34285714285714314,0.002496743378202346,0.018221574344023325,0.15306122448979592,-2.103934357248059e-4,0.006316812439261418,0.002591512795594431,3,2941-94532,5,14,NA,PG,Grassland,2022-05-23 17:00:00 PDT--2022-05-30 17:00:00 PDT,151,0,37.172312500000004,45.77,19.166666666666668,35.197125,44.385999999999996,12.666666666666668,45.52715277777778,72.5558125,23.267187500000002,15.350125,11.337499999999999,13.1004375,9.338000000000001,NA,NA,8339,NA
NA,2022,PICG1,Blue,2022-07-06,TRES,U,NA,L,nestling,2,2022_PICG1_2,7.2,11,0,18.4,2.6,7.9,NA,NA,NA,NA,NA,NA,NA,NA,NA,NA,NA,NA,1,2881-65885,5,4,B331,PG,Grassland,2022-06-28 17:00:00 PDT--2022-07-05 17:00:00 PDT,187,0,31.5,35,0,33.375,36,0,58.86253472222222,83.977625,35.444500000000005,12.54375,10.350000000000001,11.625,10,4119,26450,NA,NA
NA,2022,PICG1,Blue,2022-07-12,TRES,U,B345,L,nestling,2,2022_PICG1_2,14.3,38,9,23.2,3.4,12.4,1.1833333333333333,4.5,1.5,0.8000000000000002,0.1333333333333333,0.75,0.027391975308641976,0.06818181818181819,Inf,0.007246376811594205,0.008547008547008544,0.01582278481012658,2,2881-65885,5,11,B331,PG,Grassland,2022-07-04 17:00:00 PDT--2022-07-11 17:00:00 PDT,193,0,36,40,0.9166666666666666,38.20625,43,8.166666666666666,54.94268663194444,81.27862499999999,29.994875,14.875,13,13.75,12,4119,26450,7990.5,12820
2881-65885,2022,PICG1,Blue,2022-07-13,TRES,U,NA,L,nestling,2,2022_PICG1_2,14.6,42,10,23.1,3.7,11.4,0.29999999999999893,4,1,-0.09999999999999787,0.30000000000000027,-1,0.020979020979020904,0.10526315789473684,0.1111111111111111,-0.004310344827586115,0.08823529411764713,-0.08064516129032258,3,2881-65885,5,9,B331,PG,Grassland,2022-07-05 17:00:00 PDT--2022-07-12 17:00:00 PDT,194,0,36.25,40,0.9166666666666666,38.58125,43,8.166666666666666,54.6067578125,81.29118749999999,29.0756875,14.5,13,13.25,12,4119,26450,NA,NA
NA,2022,PICG1,Orange,2022-07-06,TRES,U,NA,L,nestling,2,2022_PICG1_2,7.9,12,0,18.4,3.4,10.4,NA,NA,NA,NA,NA,NA,NA,NA,NA,NA,NA,NA,1,2881-65887,5,4,B331,PG,Grassland,2022-06-28 17:00:00 PDT--2022-07-05 17:00:00 PDT,187,0,31.5,35,0,33.375,36,0,58.86253472222222,83.977625,35.444500000000005,12.54375,10.350000000000001,11.625,10,4119,26450,NA,NA
NA,2022,PICG1,Orange,2022-07-12,TRES,U,B344,L,nestling,2,2022_PICG1_2,15.8,40,10,23.2,3.3,12.4,1.3166666666666667,4.666666666666667,1.6666666666666667,0.8000000000000002,-0.01666666666666668,0.3333333333333333,0.027777777777777776,0.06481481481481481,Inf,0.007246376811594205,-8.169934640522883e-4,0.005341880341880341,2,2881-65887,5,11,B331,PG,Grassland,2022-07-04 17:00:00 PDT--2022-07-11 17:00:00 PDT,193,0,36,40,0.9166666666666666,38.20625,43,8.166666666666666,54.94268663194444,81.27862499999999,29.994875,14.875,13,13.75,12,4119,26450,6542.5,33970
2881-65887,2022,PICG1,Orange,2022-07-13,TRES,U,NA,L,nestling,2,2022_PICG1_2,15.4,45,10,22.8,3.5,11.3,-0.40000000000000036,5,0,-0.3999999999999986,0.20000000000000018,-1.0999999999999996,-0.025316455696202552,0.125,0,-0.01724137931034477,0.06060606060606066,-0.0887096774193548,3,2881-65887,5,9,B331,PG,Grassland,2022-07-05 17:00:00 PDT--2022-07-12 17:00:00 PDT,194,0,36.25,40,0.9166666666666666,38.58125,43,8.166666666666666,54.6067578125,81.29118749999999,29.0756875,14.5,13,13.25,12,4119,26450,NA,NA
NA,2022,PICR4,Orange,2022-05-05,WEBL,U,NA,L,nestling,1,2022_PICR4_1,NA,7,0,17.6,2.8,6.7,NA,NA,NA,NA,NA,NA,NA,NA,NA,NA,NA,NA,1,2941-94426,4,1,NA,PG,Row crop,2022-04-27 17:00:00 PDT--2022-05-04 17:00:00 PDT,125,0,28.75,34,0,30.875,38,0,46.27203993055556,70.7103125,24.2275,10.5,8,9.75,7,NA,NA,NA,NA
NA,2022,PICR4,Orange,2022-05-12,WEBL,U,B121,L,nestling,1,2022_PICR4_1,23.7,28,2,27.1,4.1,19.9,NA,3,0.2857142857142857,1.3571428571428572,0.1857142857142857,1.8857142857142857,NA,0.061224489795918366,Inf,0.011015769944341372,0.009475218658892127,0.04020712762717027,2,2941-94426,4,9,NA,PG,Row crop,2022-05-04 17:00:00 PDT--2022-05-11 17:00:00 PDT,132,0,24.331249999999997,28,0,26.456249999999997,31,0,52.87777777777778,75.714125,30.8959375,8.375,4,7.54375,3,NA,NA,8093.5,37350
2941-94426,2022,PICR4,Orange,2022-05-18,WEBL,F,B218,L,nestling,1,2022_PICR4_1,28.2,54,22,20.5,5.2,21,0.75,4.333333333333333,3.3333333333333335,-1.1000000000000003,0.18333333333333343,0.18333333333333357,0.005274261603375528,0.02579365079365079,0.2777777777777778,-0.006765067650676509,0.0074525745257452624,0.001535455053042995,3,2941-94426,4,14,NA,PG,Row crop,2022-05-10 17:00:00 PDT--2022-05-17 17:00:00 PDT,138,0,32.45625,37,0,34.58125,39,0,50.18647135416667,78.760375,24.4106875,11.125,4,9.66875,3,NA,NA,4929.5,44325
NA,2022,RRRR10,Purple,2022-05-03,WEBL,U,NA,L,nestling,1,2022_RRRR10_1,14.5,17,0,24.4,3.5,14.2,NA,NA,NA,NA,NA,NA,NA,NA,NA,NA,NA,NA,1,2941-94421,4,6,NA,RR,Row crop,2022-04-25 17:00:00 PDT--2022-05-02 17:00:00 PDT,123,NA,27.537499999999994,30,0,29.5,31,0,30.18907284768212,54.4,19.43,9.54375,6,8.875,5,NA,NA,NA,NA
2941-94421,2022,RRRR10,Purple,2022-05-13,WEBL,F,B204,L,nestling,1,2022_RRRR10_1,25.3,66,25,21.4,5.2,18.9,1.08,4.9,2.5,-0.3,0.17,0.4699999999999999,0.007448275862068966,0.02882352941176471,Inf,-0.0012295081967213114,0.004857142857142858,0.003309859154929577,2,2941-94421,4,18,NA,RR,Row crop,2022-05-05 17:00:00 PDT--2022-05-12 17:00:00 PDT,133,NA,23.206249999999997,31,0,25.206249999999997,34,0,52.13169270833333,75.035875,29.6931875,8.125,3,7.125,2,NA,NA,9170,34775
NA,2023,MBNG1,Purple,2023-05-04,WEBL,U,NA,L,nestling,1,2023_MBNG1_1,4.5,8,0,18.5,2.2,7.5,NA,NA,NA,NA,NA,NA,NA,NA,NA,NA,NA,NA,1,2941-94555,5,2,NA,MB,Grassland,2023-04-26 17:00:00 PDT--2023-05-03 17:00:00 PDT,124,61.098,22.6659375,32.3,0,24.270624999999995,34.54299999999999,0,NA,NA,NA,8.981625,7.76,9.0346875,7.93,NA,NA,NA,NA
NA,2023,MBNG1,Purple,2023-05-09,WEBL,U,NA,L,nestling,1,2023_MBNG1_1,15.5,16,0,24.6,3.4,14.2,2.2,1.6,0,1.2200000000000002,0.23999999999999994,1.3399999999999999,0.09777777777777778,0.04,NA,0.01318918918918919,0.021818181818181813,0.035733333333333325,2,2941-94555,5,6,NA,MB,Grassland,2023-05-01 17:00:00 PDT--2023-05-08 17:00:00 PDT,129,61.098,19.134249999999998,23.920499999999997,0,20.884375,25.524499999999996,0,NA,NA,NA,8.5814375,6.48,8.795187499999999,7.25,NA,NA,NA,NA
2941-94555,2023,MBNG1,Purple,2023-05-16,WEBL,F,B373,L,nestling,1,2023_MBNG1_1,26.3,45,14,20.8,5.4,21.3,1.542857142857143,4.142857142857143,2,-0.5428571428571429,0.28571428571428575,1.0142857142857145,0.014219881500987493,0.03698979591836735,Inf,-0.003152480504396881,0.01200480192076831,0.010204081632653062,3,2941-94555,5,14,NA,MB,Grassland,2023-05-08 17:00:00 PDT--2023-05-15 17:00:00 PDT,136,61.098,29.582375,36.432,0,31.846249999999998,38.831999999999994,0,NA,NA,NA,10.3680625,7.7255,10.211,7.81,NA,NA,3786.5,10848.5
