Comments,OK to get fecal sample?,Date of fecal sample,Comments/info from fecal sample visit,Site,Nestbox,Attempt No.,Species,Male ID,Female ID,First Egg Date,First Egg Date Certainty,Clutch Size,Incubation Begins Date,Eggs Hatched,Eggs Failed-to-Hatch,Eggs Abandoned,Eggs Depredated,Eggs Destroyed,Egg Unknown Fate,Brood Size,Hatch Date,HD Observed or Estimated?,Earliest Target Banding Date,Latest Target Banding Date,Date Banded,Nestlings Fledging,Nestlings Perishing,Nestlings Abandoned,Nestlings Depredated,Nestlings Destroyed,BAND numbers of Nestlings,Notes
NA,NA,NA,NA,Mace Blvd,MBNG1,1,WEBL,NA,NA,2021-04-18,Estimated,5,2021-04-23,3,0,0,0,0,2,3,2021-05-06,Estimated,2021-05-19,2021-05-21,NA,3,0,0,0,0,NA,NA
HOBO loggers,NA,NA,NA,Mace Blvd,MBNG10,1,TRES,NA,NA,2021-04-16,Confirmed,5,2021-04-21,5,0,0,0,0,0,5,2021-05-03,Estimated,2021-05-14,2021-05-16,2021-05-15,5,0,0,0,0,"2631-20632, 2631-20633, 2631-20634, 2631-20635, 2631-20636",NA
NA,NA,NA,NA,Mace Blvd,MBNG10,2,TRES,NA,NA,2021-06-12,Estimated,4,2021-06-16,0,0,4,0,0,0,0,NA,NA,NA,NA,NA,NA,NA,NA,0,0,NA,NA
NA,NA,NA,NA,Mace Blvd,MBNG11,1,TRES,NA,NA,2021-04-11,Estimated,5,2021-04-16,4,0,0,0,0,1,4,2021-04-29,Estimated,2021-05-10,2021-05-12,2021-05-11,4,0,0,0,0,"2631-20601, 2631-20602, 2631-20603, 2631-20604",NA
NA,NA,NA,NA,Mace Blvd,MBNG11,2,TRES,NA,NA,2021-06-04,Estimated,5,2021-06-09,5,0,0,0,0,0,5,2021-06-19,Estimated,2021-06-30,2021-07-02,NA,4,1,0,0,0,NA,NA
HOBO loggers,NA,NA,NA,Mace Blvd,MBNG12,1,TRES,NA,NA,2021-04-17,Estimated,6,2021-04-23,6,0,0,0,0,0,6,2021-05-05,Estimated,2021-05-16,2021-05-18,2021-05-17,5,1,0,0,0,"2631-20637, 2631-20638, 2631-20639, 2631-20640, 2631-20641",NA
NA,NA,NA,NA,Mace Blvd,MBNG12,2,TRES,NA,NA,2021-06-05,Estimated,4,2021-06-09,4,0,0,0,0,0,4,2021-06-23,Confirmed,2021-07-04,2021-07-06,NA,NA,NA,NA,0,0,NA,NA
NA,NA,NA,NA,Mace Blvd,MBNG13,1,TRES,NA,NA,2021-04-11,Estimated,5,2021-04-16,5,0,0,0,0,0,5,2021-04-29,Estimated,2021-05-10,2021-05-12,2021-05-12,5,0,0,0,0,"2631-20612, 2631-20613, 2631-20614, 2631-20615, 2631-20616",NA
NA,NA,NA,NA,Mace Blvd,MBNG13,2,TRES,NA,NA,2021-06-02,Confirmed,4,2021-06-06,2,2,0,0,0,0,2,2021-06-18,Estimated,2021-06-29,2021-07-01,NA,NA,NA,NA,0,0,NA,NA
NA,NA,NA,NA,Mace Blvd,MBNG14,1,WEBL,NA,NA,2021-05-02,Estimated,5,2021-05-07,2,NA,0,0,0,NA,2,NA,NA,NA,NA,NA,NA,NA,NA,NA,0,NA,NA
NA,NA,NA,NA,Mace Blvd,MBNG15,1,TRES,NA,NA,2021-05-02,Estimated,5,2021-05-07,5,0,0,0,0,0,5,2021-05-17,Estimated,2021-05-28,2021-05-30,NA,5,0,0,0,0,NA,NA
NA,NA,NA,NA,Mace Blvd,MBNG17,1,WEBL,NA,NA,2021-05-17,Estimated,5,2021-05-22,0,0,1,0,0,4,0,NA,NA,NA,NA,NA,NA,NA,NA,NA,0,NA,NA
NA,NA,NA,NA,Mace Blvd,MBNG20,1,WEBL,NA,NA,2021-05-05,Estimated,2,2021-05-07,0,0,0,0,0,2,0,NA,NA,NA,NA,NA,NA,NA,NA,NA,0,NA,NA
NA,NA,NA,NA,Mace Blvd,MBNG20,2,WEBL,NA,NA,2021-05-17,Estimated,5,2021-05-22,0,0,1,0,0,4,0,NA,NA,NA,NA,NA,NA,NA,NA,NA,0,NA,NA
NA,NA,NA,NA,Mace Blvd,MBNG20,3,WEBL,NA,NA,2021-06-19,Estimated,4,2021-06-23,1,1,0,0,0,2,1,NA,NA,NA,NA,NA,NA,NA,NA,NA,0,NA,NA
NA,NA,NA,NA,Mace Blvd,MBNG21,1,TRES,NA,NA,2021-04-27,Estimated,6,2021-05-03,6,0,0,0,0,0,6,2021-05-18,Estimated,2021-05-29,2021-05-31,NA,5,1,0,0,0,NA,NA
NA,NA,NA,NA,Mace Blvd,MBNG22,1,WEBL,NA,NA,2021-05-03,Estimated,5,2021-05-08,4,0,0,0,0,1,4,2021-05-20,Estimated,2021-06-02,2021-06-04,NA,4,0,0,0,0,NA,NA
NA,NA,NA,NA,Mace Blvd,MBNG23,1,TRES,NA,NA,2021-05-02,Estimated,5,2021-05-07,5,0,0,0,0,0,5,2021-05-22,Estimated,2021-06-02,2021-06-04,NA,NA,NA,NA,NA,0,NA,NA
NA,NA,NA,NA,Mace Blvd,MBNG24,1,ATFL,NA,NA,2021-06-12,Estimated,4,2021-06-16,4,0,0,0,0,0,4,2021-06-28,Estimated,2021-07-07,2021-07-09,2021-07-07,4,0,0,0,0,"2941-18463, 2941-18464, 2941-18465, 2941-18466",NA
NA,NA,NA,NA,Mace Blvd,MBNG25,1,TRES,NA,NA,2021-04-24,Estimated,6,2021-04-30,5,1,0,0,0,0,5,2021-05-14,Estimated,2021-05-25,2021-05-27,NA,2,3,0,0,0,NA,NA
NA,NA,NA,NA,Mace Blvd,MBNG26,1,TRES,NA,NA,2021-05-02,Estimated,5,2021-05-07,4,0,0,0,0,1,4,2021-05-17,Estimated,2021-05-28,2021-05-30,NA,4,0,0,0,0,NA,NA
NA,NA,NA,NA,Mace Blvd,MBNG27,1,TRES,NA,NA,2021-05-22,Estimated,4,2021-05-26,0,0,4,0,0,0,0,NA,NA,NA,NA,NA,NA,NA,NA,NA,0,NA,NA
NA,NA,NA,NA,Mace Blvd,MBNG28,1,WEBL,NA,NA,2021-05-12,Confirmed,5,2021-05-17,4,0,0,0,0,1,4,2021-05-29,Estimated,2021-06-11,2021-06-13,NA,4,0,0,0,0,NA,NA
NA,NA,NA,NA,Mace Blvd,MBNG3,1,TRES,NA,NA,2021-04-13,Estimated,4,2021-04-17,3,0,0,0,0,1,3,2021-04-30,Estimated,2021-05-11,2021-05-13,2021-05-12,3,0,0,0,0,"2631-20605, 2631-20606, 2631-20607",NA
NA,NA,NA,NA,Mace Blvd,MBNG3,2,TRES,NA,NA,2021-06-04,Estimated,6,2021-06-10,0,0,6,0,0,0,0,NA,NA,NA,NA,NA,NA,NA,NA,0,0,NA,NA
HOBO loggers,NA,NA,NA,Mace Blvd,MBNG4,1,TRES,NA,NA,2021-04-10,Estimated,6,2021-04-16,4,1,0,0,0,1,4,2021-04-29,Estimated,2021-05-10,2021-05-12,2021-05-12,4,0,0,0,0,"2631-20608, 2631-20609, 2631-20610, 2631-20611",NA
NA,NA,NA,NA,Mace Blvd,MBNG4,2,TRES,NA,NA,2021-05-26,Confirmed,1,2021-05-27,0,0,0,0,0,1,0,NA,NA,NA,NA,NA,NA,NA,NA,0,0,NA,NA
NA,NA,NA,NA,Mace Blvd,MBNG4,3,TRES,NA,NA,2021-06-06,Estimated,3,2021-06-09,0,0,3,0,0,0,0,NA,NA,NA,NA,NA,NA,NA,NA,0,0,NA,NA
NA,NA,NA,NA,Mace Blvd,MBNG5,1,TRES,NA,NA,2021-04-19,Estimated,5,2021-04-24,5,0,0,0,0,0,5,2021-05-08,Estimated,2021-05-19,2021-05-21,NA,5,0,0,0,0,NA,NA
NA,NA,NA,NA,Mace Blvd,MBNG5,2,TRES,NA,NA,2021-06-09,Confirmed,4,2021-06-13,4,0,0,0,0,0,4,2021-06-25,Estimated,2021-07-06,2021-07-08,NA,NA,NA,NA,0,0,NA,NA
NA,NA,NA,NA,Mace Blvd,MBNG6,1,TRES,NA,NA,2021-04-20,Estimated,5,2021-04-25,5,0,0,0,0,0,5,2021-05-09,Estimated,2021-05-20,2021-05-22,2021-05-22,5,0,0,0,0,"2631-20658, 2631-20659, 2631-20660, 2631-20661, 2631-20662",NA
NA,NA,NA,NA,Mace Blvd,MBNG6,2,TRES,NA,NA,2021-06-13,Estimated,3,2021-06-16,0,0,2,0,0,1,0,NA,NA,NA,NA,NA,NA,NA,NA,0,0,NA,NA
NA,NA,NA,NA,Mace Blvd,MBNG6,3,TRES,NA,NA,2021-06-26,Estimated,4,2021-06-30,0,0,4,0,0,0,0,NA,NA,NA,NA,NA,NA,NA,NA,0,0,NA,NA
NA,NA,NA,NA,Mace Blvd,MBNG7,1,TRES,NA,NA,2021-05-02,Estimated,5,2021-05-07,5,0,0,0,0,0,5,2021-05-17,Estimated,2021-05-28,2021-05-30,NA,5,0,0,0,0,NA,NA
NA,NA,NA,NA,Mace Blvd,MBNG8,1,WEBL,NA,NA,2021-05-02,Estimated,5,2021-05-07,5,0,0,0,0,0,5,2021-05-17,Estimated,2021-05-30,2021-06-01,NA,4,1,0,0,0,NA,NA
NA,NA,NA,NA,Mace Blvd,MBNG8,2,WEBL,NA,NA,2021-06-23,Confirmed,3,2021-06-26,3,0,0,0,0,0,3,2021-07-09,Estimated,2021-07-22,2021-07-24,NA,2,1,0,0,0,NA,NA
NA,NA,NA,NA,Mace Blvd,MBNG9,1,TRES,NA,NA,2021-04-25,Estimated,5,2021-04-30,5,0,0,0,0,0,5,2021-05-14,Estimated,2021-05-25,2021-05-27,NA,4,1,0,0,0,NA,NA
NA,NA,NA,NA,Mace Blvd,MBNG9,2,TRES,NA,NA,2021-06-12,Estimated,4,2021-06-16,3,1,0,0,0,0,3,2021-06-30,Confirmed,2021-07-11,2021-07-13,NA,NA,NA,NA,0,0,NA,NA
NA,NA,NA,NA,Mace Blvd,MBNR1,1,TRES,NA,NA,2021-05-08,Estimated,5,2021-05-13,5,0,0,0,0,0,5,2021-05-26,Estimated,2021-06-06,2021-06-08,NA,NA,NA,NA,NA,0,NA,NA
NA,NA,NA,NA,Mace Blvd,MBNR2,1,WEBL,NA,NA,2021-05-02,Estimated,5,2021-05-07,5,0,0,0,0,0,5,2021-05-15,Estimated,2021-05-28,2021-05-30,NA,5,0,0,0,0,NA,NA
NA,NA,NA,NA,Mace Blvd,MBNR2,2,WEBL,NA,NA,2021-07-03,Estimated,4,2021-07-07,0,0,4,0,0,0,0,NA,NA,NA,NA,NA,NA,NA,NA,0,0,NA,NA
NA,NA,NA,NA,Mace Blvd,MBNR3,1,WEBL,NA,NA,2021-04-26,Estimated,4,2021-04-30,0,0,0,0,0,4,0,NA,NA,NA,NA,NA,NA,NA,NA,0,0,NA,NA
NA,NA,NA,NA,Mace Blvd,MBNR3,2,TRES,NA,NA,2021-05-12,Confirmed,4,2021-05-16,4,0,0,0,0,0,4,2021-05-29,Estimated,2021-06-09,2021-06-11,NA,4,0,0,0,0,NA,NA
NA,NA,NA,NA,Mace Blvd,MBNR4,1,WEBL,NA,NA,2021-05-05,Estimated,4,2021-05-09,4,0,0,0,0,0,4,2021-05-22,Estimated,2021-06-04,2021-06-06,NA,4,0,0,0,0,NA,NA
NA,NA,NA,NA,Mace Blvd,MBNR4,2,WEBL,NA,NA,2021-06-26,Estimated,4,2021-06-30,0,0,4,0,0,0,0,NA,NA,NA,NA,NA,NA,NA,NA,0,0,NA,NA
NA,NA,NA,NA,Mace Blvd,MBNR5,1,TRES,NA,NA,2021-04-30,Confirmed,5,2021-05-05,5,0,0,0,0,0,5,2021-05-17,Estimated,2021-05-28,2021-05-30,NA,5,0,0,0,0,NA,NA
NA,NA,NA,NA,Mace Blvd,MBNR6,1,WEBL,NA,NA,2021-05-05,Estimated,5,2021-05-10,5,0,0,0,0,0,5,2021-05-22,Estimated,2021-06-04,2021-06-06,NA,5,0,0,0,0,NA,NA
NA,NA,NA,NA,Mace Blvd,MBNR7,1,TRES,NA,NA,2021-05-19,Confirmed,5,2021-05-24,4,0,0,0,0,1,4,2021-06-06,Estimated,2021-06-17,2021-06-19,NA,4,0,0,0,0,NA,NA
NA,NA,NA,NA,Mace Blvd,MBNR8,1,TRES,NA,NA,2021-05-19,Confirmed,4,2021-05-23,2,2,0,0,0,0,2,2021-06-05,Estimated,2021-06-16,2021-06-18,NA,2,0,0,0,0,NA,NA
NA,NA,NA,NA,Mace Blvd,MBNR9,1,TRES,NA,NA,2021-05-02,Estimated,5,2021-05-07,0,0,0,0,0,5,0,NA,NA,NA,NA,NA,NA,NA,NA,0,0,NA,NA
NA,NA,NA,NA,Mace Blvd,MBNR9,2,TRES,NA,NA,2021-05-14,Estimated,5,2021-05-19,5,0,0,0,0,0,5,2021-05-19,Estimated,2021-05-30,2021-06-01,NA,5,0,0,0,0,NA,NA
NA,NA,NA,NA,Mace Blvd,MBNR9,3,WEBL,NA,NA,2021-06-19,Estimated,4,2021-06-23,3,1,0,0,0,0,3,2021-07-03,Estimated,2021-07-16,2021-07-18,NA,NA,NA,NA,0,0,NA,NA
NA,NA,NA,NA,Picnic Grounds,PICG1,1,WEBL,NA,NA,2021-05-07,Confirmed,4,2021-05-11,3,0,0,0,0,1,3,2021-05-22,Estimated,2021-06-04,2021-06-06,NA,3,0,0,0,0,NA,NA
NA,NA,NA,NA,Picnic Grounds,PICG10,1,TRES,NA,NA,2021-04-25,Estimated,6,2021-05-01,5,0,0,0,0,1,5,2021-05-17,Estimated,2021-05-28,2021-05-30,NA,3,2,0,0,0,NA,NA
HOBO loggers,NA,NA,NA,Picnic Grounds,PICG2,1,TRES,NA,NA,2021-04-11,Estimated,6,2021-04-17,6,0,0,0,0,0,6,2021-05-01,Estimated,2021-05-12,2021-05-14,2021-05-13,6,0,0,0,0,"2631-20617, 2631-20618, 2631-20619, 2631-20620, 2631-20621, 2631-20622",NA
HOBO loggers,NA,NA,NA,Picnic Grounds,PICG2,2,TRES,NA,NA,2021-05-31,Estimated,4,2021-06-04,4,0,0,0,0,0,4,2021-06-16,Estimated,2021-06-27,2021-06-29,2021-06-28,4,0,0,0,0,"2631-20719, 2631-20720, 2631-20721, 2631-20722",NA
HOBO loggers,NA,NA,NA,Picnic Grounds,PICG3,1,TRES,NA,NA,2021-04-17,Estimated,5,2021-04-22,5,0,0,0,0,0,5,2021-05-04,Estimated,2021-05-15,2021-05-17,2021-05-17,5,0,0,0,0,"2631-20642, 2631-20643, 2631-20644, 2631-20645, 2631-20646",NA
NA,NA,NA,NA,Picnic Grounds,PICG3,2,TRES,NA,NA,2021-06-14,Estimated,4,2021-06-18,3,0,0,0,0,1,3,2021-06-28,Estimated,2021-07-09,2021-07-11,NA,3,0,0,0,0,NA,NA
NA,NA,NA,NA,Picnic Grounds,PICG4,1,TRES,NA,NA,2021-04-20,Estimated,4,2021-04-24,0,0,0,0,0,4,0,NA,NA,NA,NA,NA,NA,NA,NA,NA,0,NA,NA
NA,NA,NA,NA,Picnic Grounds,PICG4,2,TRES,NA,NA,2021-05-15,Estimated,6,2021-05-21,5,1,0,0,0,0,5,2021-06-04,Confirmed,2021-06-15,2021-06-17,NA,NA,NA,NA,NA,0,NA,NA
NA,NA,NA,NA,Picnic Grounds,PICG5,1,TRES,NA,NA,2021-04-19,Estimated,6,2021-04-25,5,1,0,0,0,0,5,2021-05-08,Estimated,2021-05-19,2021-05-21,2021-05-21,3,2,0,0,0,"2631-20649, 2631-20650, 2631-20651, 2631-20652",NA
NA,NA,NA,NA,Picnic Grounds,PICG5,2,TRES,NA,NA,2021-06-25,Confirmed,1,2021-06-26,0,0,0,0,0,1,0,NA,NA,NA,NA,NA,NA,NA,NA,0,0,NA,NA
NA,NA,NA,NA,Picnic Grounds,PICG6,1,WEBL,NA,NA,2021-04-10,Estimated,5,2021-04-15,4,0,0,0,0,1,4,2021-04-22,Estimated,2021-05-05,2021-05-07,NA,4,0,0,0,0,NA,NA
NA,NA,NA,NA,Picnic Grounds,PICG6,2,WEBL,NA,NA,2021-05-31,Estimated,5,2021-06-05,1,0,0,0,0,4,1,NA,NA,NA,NA,NA,NA,NA,NA,0,0,NA,NA
NA,NA,NA,NA,Picnic Grounds,PICG7,1,TRES,NA,NA,2021-04-24,Estimated,5,2021-04-29,5,0,0,0,0,0,5,2021-05-10,Estimated,2021-05-21,2021-05-23,NA,NA,NA,NA,NA,0,NA,NA
NA,NA,NA,NA,Picnic Grounds,PICG8,1,TRES,NA,NA,2021-04-18,Estimated,5,2021-04-23,5,0,0,0,0,0,5,2021-05-05,Estimated,2021-05-16,2021-05-18,NA,4,1,0,0,0,NA,NA
NA,NA,NA,NA,Picnic Grounds,PICG9,1,TRES,NA,NA,2021-04-22,Confirmed,5,2021-04-27,5,0,0,0,0,0,5,2021-05-10,Estimated,2021-05-21,2021-05-23,NA,0,0,5,0,0,NA,NA
NA,NA,NA,NA,Picnic Grounds,PICG9,2,TRES,NA,NA,2021-06-08,Estimated,3,2021-06-11,0,0,0,0,0,3,0,NA,NA,NA,NA,NA,NA,NA,NA,0,0,NA,NA
NA,NA,NA,NA,Picnic Grounds,PICG9,3,TRES,NA,NA,2021-06-22,Estimated,3,2021-06-25,1,0,0,0,0,2,1,NA,NA,NA,NA,NA,NA,NA,NA,0,0,NA,NA
NA,NA,NA,NA,Picnic Grounds,PICO1,1,TRES,NA,NA,2021-05-11,Estimated,4,2021-05-15,4,0,0,0,0,0,4,2021-05-29,Estimated,2021-06-09,2021-06-11,2021-06-11,2,2,0,0,0,"2631-20706, 2631-20707, 2631-20708",NA
HOBO loggers,NA,NA,NA,Picnic Grounds,PICO10,1,WEBL,NA,NA,2021-05-24,Estimated,5,2021-05-29,5,0,0,0,0,0,5,2021-06-08,Estimated,2021-06-21,2021-06-23,2021-06-23,5,0,0,0,0,"2941-18449, 2941-18450, 2941-18451, 2941-18452, 2941-18453",NA
NA,NA,NA,NA,Picnic Grounds,PICO2,1,WEBL,NA,NA,2021-06-08,Estimated,4,2021-06-12,0,0,4,0,0,0,0,NA,NA,NA,NA,NA,NA,NA,NA,NA,0,NA,NA
HOBO loggers,NA,NA,NA,Picnic Grounds,PICO5,1,WEBL,NA,NA,2021-04-19,Estimated,5,2021-04-24,4,0,0,0,0,1,4,2021-05-09,Estimated,2021-05-22,2021-05-24,2021-05-21,4,0,0,0,0,"2941-18418, 2941-18419, 2941-18420, 2941-18421",NA
NA,NA,NA,NA,Picnic Grounds,PICO5,2,WEBL,NA,NA,2021-06-11,Confirmed,6,2021-06-17,5,1,0,0,0,0,5,2021-07-03,Estimated,2021-07-16,2021-07-18,NA,NA,NA,NA,0,0,NA,NA
NA,NA,NA,NA,Picnic Grounds,PICO6,1,WEBL,NA,NA,2021-04-15,Confirmed,3,2021-04-18,1,2,0,0,0,0,1,NA,NA,NA,NA,NA,NA,NA,NA,NA,0,NA,NA
HOBO loggers,NA,NA,NA,Picnic Grounds,PICR10,1,WEBL,NA,NA,2021-05-26,Estimated,4,2021-05-30,4,0,0,0,0,0,4,2021-06-12,Estimated,2021-06-25,2021-06-27,2021-06-25,4,0,0,0,0,"2941-18454, 2941-18455, 2941-18456, 2941-18457",NA
NA,NA,NA,NA,Picnic Grounds,PICR3,1,TRES,NA,NA,2021-05-24,Estimated,4,2021-05-28,3,1,0,0,0,0,3,2021-06-09,Estimated,2021-06-20,2021-06-22,NA,3,0,0,0,0,NA,NA
NA,NA,NA,NA,Picnic Grounds,PICR4,1,WEBL,NA,NA,2021-04-22,Confirmed,6,2021-04-28,6,0,0,0,0,0,6,2021-05-11,Estimated,2021-05-24,2021-05-26,NA,4,2,0,0,0,NA,NA
NA,NA,NA,NA,Picnic Grounds,PICR6,1,TRES,NA,NA,2021-05-12,Estimated,2,2021-05-14,0,0,0,0,0,2,0,NA,NA,NA,NA,NA,NA,NA,NA,NA,0,NA,NA
HOBO loggers,NA,NA,NA,Picnic Grounds,PICR8,1,WEBL,NA,NA,2021-04-10,Estimated,5,2021-04-15,4,0,0,0,0,1,4,2021-04-27,Estimated,2021-05-10,2021-05-12,2021-05-11,4,0,0,0,0,"2941-18401, 2941-18402, 2941-18403, 2941-18404",NA
HOBO loggers,NA,NA,NA,Picnic Grounds,PICR9,1,TRES,NA,NA,2021-05-02,Estimated,5,2021-05-07,5,0,0,0,0,0,5,2021-05-18,Estimated,2021-05-29,2021-05-31,2021-05-31,3,2,0,0,0,"2631-20687, 2631-20688, 2631-20689",NA
HOBO loggers,NA,NA,NA,Russell Ranch,RRRG1,1,TRES,NA,NA,2021-04-14,Estimated,6,2021-04-20,6,0,0,0,0,0,6,2021-05-02,Estimated,2021-05-13,2021-05-15,2021-05-13,5,1,0,0,0,"2631-20623, 2631-20624, 2631-20625, 2631-20626",NA
HOBO loggers,NA,NA,NA,Russell Ranch,RRRG1,2,TRES,NA,NA,2021-05-29,Estimated,5,2021-06-03,4,1,0,0,0,0,4,2021-06-15,Estimated,2021-06-26,2021-06-28,2021-06-28,3,1,0,0,0,"2631-20713, 2631-20714, 2631-20715",NA
NA,NA,NA,NA,Russell Ranch,RRRG10,1,TRES,NA,NA,2021-04-26,Estimated,5,2021-05-01,5,0,0,0,0,0,5,2021-05-15,Estimated,2021-05-26,2021-05-28,NA,4,1,0,0,0,NA,NA
NA,NA,NA,NA,Russell Ranch,RRRG10,2,TRES,NA,NA,2021-06-20,Estimated,4,2021-06-24,0,0,0,0,0,4,0,NA,NA,NA,NA,NA,NA,NA,NA,0,0,NA,NA
HOBO loggers,NA,NA,NA,Russell Ranch,RRRG11,1,WEBL,NA,NA,2021-04-18,Estimated,5,2021-04-23,5,0,0,0,0,0,5,2021-05-02,Estimated,2021-05-15,2021-05-17,2021-05-17,5,0,0,0,0,"2941-18411, 2941-18412, 2941-18413, 2941-18414, 2941-18415",NA
NA,NA,NA,NA,Russell Ranch,RRRG11,2,TRES,NA,NA,2021-06-01,Estimated,4,2021-06-05,0,0,0,0,0,4,0,NA,NA,NA,NA,NA,NA,NA,NA,0,0,NA,NA
NA,NA,NA,NA,Russell Ranch,RRRG11,3,TRES,NA,NA,2021-06-28,Estimated,3,2021-07-01,0,0,3,0,0,0,0,NA,NA,NA,NA,NA,NA,NA,NA,0,0,NA,NA
NA,NA,NA,NA,Russell Ranch,RRRG12,1,TRES,NA,NA,2021-05-06,Confirmed,5,2021-05-11,5,0,0,0,0,0,5,2021-05-22,Estimated,2021-06-02,2021-06-04,NA,4,1,0,0,0,NA,NA
NA,NA,NA,NA,Russell Ranch,RRRG13,1,WEBL,NA,NA,2021-04-13,Estimated,6,2021-04-19,6,0,0,0,0,0,6,2021-05-01,Estimated,2021-05-14,2021-05-16,2021-05-15,NA,NA,NA,NA,0,"2941-18405, 2941-18406, 2941-18407, 2941-18408, 2941-18409",NA
NA,NA,NA,NA,Russell Ranch,RRRG13,2,TRES,NA,NA,2021-05-31,Estimated,4,2021-06-04,4,0,0,0,0,0,4,2021-06-14,Estimated,2021-06-25,2021-06-27,NA,NA,NA,NA,NA,0,NA,NA
NA,NA,NA,NA,Russell Ranch,RRRG14,1,TRES,NA,NA,2021-05-03,Estimated,5,2021-05-08,5,0,0,0,0,0,5,2021-05-21,Estimated,2021-06-01,2021-06-03,NA,5,0,0,0,0,NA,NA
NA,NA,NA,NA,Russell Ranch,RRRG16,1,TRES,NA,NA,2021-05-03,Estimated,5,2021-05-08,5,0,0,0,0,0,5,2021-05-21,Estimated,2021-06-01,2021-06-03,NA,5,0,0,0,0,NA,NA
NA,NA,NA,NA,Russell Ranch,RRRG17,1,TRES,NA,NA,2021-04-30,Confirmed,5,2021-05-05,5,0,0,0,0,0,5,2021-05-17,Estimated,2021-05-28,2021-05-30,NA,5,0,0,0,0,NA,NA
NA,NA,NA,NA,Russell Ranch,RRRG18,1,TRES,NA,NA,2021-04-20,Estimated,5,2021-04-25,5,0,0,0,0,0,5,2021-05-10,Estimated,2021-05-21,2021-05-23,NA,5,0,0,0,0,NA,NA
NA,NA,NA,NA,Russell Ranch,RRRG18,2,TRES,NA,NA,2021-06-14,Estimated,4,2021-06-18,2,2,0,0,0,0,2,2021-07-01,Confirmed,2021-07-12,2021-07-14,NA,NA,NA,NA,0,0,NA,NA
NA,NA,NA,NA,Russell Ranch,RRRG2,1,WEBL,NA,NA,2021-04-20,Estimated,5,2021-04-25,4,0,0,0,0,1,4,2021-05-10,Estimated,2021-05-23,2021-05-25,2021-05-24,4,0,0,0,0,"2941-18425, 2941-18426, 2941-18427, 2941-18428",NA
NA,NA,NA,NA,Russell Ranch,RRRG2,2,WEBL,NA,NA,2021-06-27,Estimated,4,2021-07-01,0,0,0,0,0,4,0,NA,NA,NA,NA,NA,NA,NA,NA,0,0,NA,NA
NA,NA,NA,NA,Russell Ranch,RRRG24,1,TRES,NA,NA,2021-05-30,Estimated,4,2021-06-03,3,0,0,0,0,1,3,2021-06-14,Estimated,2021-06-25,2021-06-27,NA,2,1,0,0,0,NA,NA
NA,NA,NA,NA,Russell Ranch,RRRG25,1,WEBL,NA,NA,2021-04-21,Estimated,5,2021-04-26,5,0,0,0,0,0,5,2021-05-09,Estimated,2021-05-22,2021-05-24,2021-05-24,1,4,0,0,0,2941-18429,NA
NA,NA,NA,NA,Russell Ranch,RRRG25,2,WEBL,NA,NA,2021-06-13,Estimated,4,2021-06-17,0,0,3,0,0,1,0,NA,NA,NA,NA,NA,NA,NA,NA,0,0,NA,NA
NA,NA,NA,NA,Russell Ranch,RRRG26,1,WEBL,NA,NA,2021-05-01,Estimated,5,2021-05-06,4,0,0,0,0,1,4,2021-05-18,Estimated,2021-05-31,2021-06-02,NA,3,1,0,0,0,NA,NA
NA,NA,NA,NA,Russell Ranch,RRRG27,1,TRES,NA,NA,2021-04-16,Confirmed,5,2021-04-21,5,0,0,0,0,0,5,2021-05-02,Estimated,2021-05-13,2021-05-15,2021-05-13,4,1,0,0,0,"2631-20628, 2631-20629, 2631-20630, 2631-20631",NA
NA,NA,NA,NA,Russell Ranch,RRRG27,2,TRES,NA,NA,2021-06-13,Estimated,4,2021-06-17,4,0,0,0,0,0,4,2021-06-24,Confirmed,2021-07-05,2021-07-07,NA,NA,NA,NA,0,0,NA,NA
HOBO loggers,NA,NA,NA,Russell Ranch,RRRG3,1,TRES,NA,NA,2021-04-14,Estimated,5,2021-04-19,5,0,0,0,0,0,5,2021-05-02,Estimated,2021-05-13,2021-05-15,2021-05-13,NA,NA,NA,NA,0,2631-20627,NA
NA,NA,NA,NA,Russell Ranch,RRRG3,2,WEBL,NA,NA,2021-05-08,Estimated,5,2021-05-13,1,0,0,0,0,4,1,NA,NA,NA,NA,NA,NA,NA,NA,NA,0,NA,NA
NA,NA,NA,NA,Russell Ranch,RRRG3,3,TRES,NA,NA,2021-05-29,Estimated,5,2021-06-03,4,1,0,0,0,0,4,2021-06-13,Estimated,2021-06-24,2021-06-26,NA,NA,NA,NA,NA,0,NA,NA
NA,NA,NA,NA,Russell Ranch,RRRG3,4,WEBL,NA,NA,2021-06-22,Estimated,3,2021-06-25,3,0,0,0,0,0,3,NA,NA,NA,NA,NA,NA,NA,NA,NA,0,NA,NA
NA,NA,NA,NA,Russell Ranch,RRRG31,1,ATFL,NA,NA,2021-06-06,Estimated,4,2021-06-10,4,0,0,0,0,0,4,2021-06-24,Confirmed,2021-07-03,2021-07-05,2021-07-05,NA,NA,NA,NA,0,"2941-18459, 2941-18460, 2941-18461, 2941-18462",NA
NA,NA,NA,NA,Russell Ranch,RRRG32,1,WEBL,NA,NA,2021-04-25,Estimated,5,2021-04-30,5,0,0,0,0,0,5,2021-05-07,Estimated,2021-05-20,2021-05-22,NA,NA,NA,NA,NA,0,NA,NA
NA,NA,NA,NA,Russell Ranch,RRRG32,2,WEBL,NA,NA,2021-06-13,Estimated,4,2021-06-17,0,0,4,0,0,0,0,NA,NA,NA,NA,NA,NA,NA,NA,NA,0,NA,NA
NA,NA,NA,NA,Russell Ranch,RRRG4,1,TRES,NA,NA,2021-04-23,Confirmed,5,2021-04-28,4,0,0,0,0,1,4,2021-05-11,Estimated,2021-05-22,2021-05-24,2021-05-24,1,3,0,0,0,"2631-20667, 2631-20668, 2631-20669",NA
NA,NA,NA,NA,Russell Ranch,RRRG4,2,TRES,NA,NA,2021-06-13,Estimated,4,2021-06-17,3,1,0,0,0,0,3,2021-06-26,Estimated,2021-07-07,2021-07-09,NA,NA,NA,NA,0,0,NA,NA
NA,NA,NA,NA,Russell Ranch,RRRG5,1,TRES,NA,NA,2021-04-20,Estimated,5,2021-04-25,4,1,0,0,0,0,4,2021-05-08,Estimated,2021-05-19,2021-05-21,NA,4,0,0,0,0,NA,NA
NA,NA,NA,NA,Russell Ranch,RRRG5,2,TRES,NA,NA,2021-06-13,Estimated,4,2021-06-17,3,1,0,0,0,0,3,2021-07-01,Confirmed,2021-07-12,2021-07-14,NA,NA,NA,NA,0,0,NA,NA
NA,NA,NA,NA,Russell Ranch,RRRG6,1,TRES,NA,NA,2021-04-20,Estimated,4,2021-04-24,4,0,0,0,0,0,4,2021-05-10,Estimated,2021-05-21,2021-05-23,NA,4,0,0,0,0,NA,NA
NA,NA,NA,NA,Russell Ranch,RRRG6,2,TRES,NA,NA,2021-06-20,Estimated,4,2021-06-24,0,0,4,0,0,0,0,NA,NA,NA,NA,NA,NA,NA,NA,0,0,NA,NA
NA,NA,NA,NA,Russell Ranch,RRRG7,1,WEBL?,NA,NA,2021-04-16,Confirmed,4,2021-04-20,2,0,0,0,0,2,2,2021-05-02,Estimated,NA,NA,NA,2,0,0,0,0,NA,NA
NA,NA,NA,NA,Russell Ranch,RRRG7,2,TRES,NA,NA,2021-05-31,Estimated,5,2021-06-05,5,0,0,0,0,0,5,2021-06-19,Estimated,2021-06-30,2021-07-02,NA,4,1,0,0,0,NA,NA
HOBO loggers,NA,NA,NA,Russell Ranch,RRRG8,1,TRES,NA,NA,2021-05-11,Estimated,6,2021-05-17,5,1,0,0,0,0,5,2021-05-31,Estimated,2021-06-11,2021-06-13,2021-05-24,1,4,0,0,0,"2631-20674, 2631-20675, 2631-20676, 2631-20677, 2631-20678",NA
NA,NA,NA,NA,Russell Ranch,RRRG8,2,TRES,NA,NA,2021-06-14,Confirmed,2,2021-06-16,1,1,0,0,0,0,1,NA,NA,NA,NA,NA,NA,NA,NA,0,0,NA,NA
NA,NA,NA,NA,Russell Ranch,RRRG8,3,TRES,NA,NA,2021-07-08,Confirmed,1,2021-07-09,0,0,1,0,0,0,0,NA,NA,NA,NA,NA,NA,NA,NA,0,0,NA,NA
NA,NA,NA,NA,Russell Ranch,RRRR1,1,WEBL,NA,NA,2021-05-11,Estimated,5,2021-05-16,4,0,0,0,0,1,4,2021-05-30,Estimated,2021-06-12,2021-06-14,NA,4,0,0,0,0,NA,NA
NA,NA,NA,NA,Russell Ranch,RRRR2,1,TRES,NA,NA,2021-05-03,Estimated,5,2021-05-08,5,0,0,0,0,0,5,2021-05-21,Estimated,2021-06-01,2021-06-03,2021-06-03,5,0,0,0,0,"2631-20701, 2631-20702, 2631-20703, 2631-20704, 2631-20705",NA
NA,NA,NA,NA,Russell Ranch,RRRR2,2,WEBL,NA,NA,2021-06-22,Estimated,3,2021-06-25,1,1,0,0,0,1,1,NA,NA,NA,NA,NA,NA,NA,NA,0,0,NA,NA
NA,NA,NA,NA,Russell Ranch,RRRR3,1,WEBL,NA,NA,2021-05-02,Estimated,5,2021-05-07,5,0,0,0,0,0,5,2021-05-18,Estimated,2021-05-31,2021-06-02,NA,5,0,0,0,0,NA,NA
HOBO loggers,NA,NA,NA,Russell Ranch,RRRR4,1,TRES,NA,NA,2021-06-08,Estimated,3,2021-06-11,3,0,0,0,0,0,3,2021-06-25,Estimated,2021-07-06,2021-07-08,2021-07-08,NA,NA,NA,NA,0,"2631-20723, 2631-20724, 2631-20725",NA
HOBO loggers,NA,NA,NA,Russell Ranch,RRRR5,1,TRES,NA,NA,2021-05-01,Estimated,6,2021-05-07,6,0,0,0,0,0,6,2021-05-20,Confirmed,2021-05-31,2021-06-02,2021-06-01,6,0,0,0,0,"2631-20690, 2631-20691, 2631-20692, 2631-20693, 2631-20694, 2631-20695",NA
NA,NA,NA,NA,Russell Ranch,RRRR6,1,TRES,NA,NA,2021-05-10,Estimated,5,2021-05-15,5,0,0,0,0,0,5,2021-05-29,Estimated,2021-06-09,2021-06-11,NA,3,2,0,0,0,NA,NA
NA,NA,NA,NA,Russell Ranch,RRRR7,1,WEBL,NA,NA,2021-05-04,Estimated,5,2021-05-09,2,3,0,0,0,0,2,2021-05-23,Estimated,2021-06-05,2021-06-07,NA,2,0,0,0,0,NA,NA
NA,NA,NA,NA,Russell Ranch,RRRR7,2,WEBL,NA,NA,2021-06-21,Estimated,3,2021-06-24,0,0,2,0,0,1,0,NA,NA,NA,NA,NA,NA,NA,NA,0,0,NA,NA
NA,NA,NA,NA,Russell Ranch,RRRR8,1,TRES,NA,NA,2021-05-29,Estimated,5,2021-06-03,4,0,0,0,0,1,4,2021-06-15,Estimated,2021-06-26,2021-06-28,NA,4,0,0,0,0,NA,NA
NA,NA,NA,NA,Russell Ranch,RRRR9,1,WEBL,NA,NA,2021-05-03,Estimated,5,2021-05-08,5,0,0,0,0,0,5,2021-05-21,Estimated,2021-06-03,2021-06-05,NA,5,0,0,0,0,NA,NA
NA,NA,NA,NA,Mace Blvd,MBNG1,1,WEBL,NA,NA,2022-04-22,Estimated,4,2022-04-26,4,0,0,0,0,0,4,2022-05-10,Estimated,2022-05-23,2022-05-25,NA,4,0,0,0,0,NA,NA
NA,NA,NA,NA,Mace Blvd,MBNG1,2,WEBL,NA,NA,2022-06-13,Estimated,5,2022-06-18,0,0,1,0,0,4,0,NA,NA,NA,NA,NA,NA,NA,NA,0,0,NA,NA
HOBO loggers,NA,NA,NA,Mace Blvd,MBNG10,1,TRES,NA,2881-65972,2022-05-12,Estimated,5,2022-05-17,5,0,0,0,0,0,5,2022-05-18,Estimated,2022-05-29,2022-05-31,2022-05-31,5,0,0,0,0,"2881-65968, 2881-65969, 2881-65970, 2881-65971",NA
NA,NA,NA,NA,Mace Blvd,MBNG10,2,TRES,NA,NA,2022-06-20,Estimated,3,2022-06-23,3,0,0,0,0,0,3,NA,NA,NA,NA,NA,NA,NA,NA,0,0,NA,NA
HOBO loggers,NA,NA,NA,Mace Blvd,MBNG11,1,TRES,NA,NA,2022-03-24,Estimated,5,2022-03-29,5,0,0,0,0,0,5,2022-04-13,Estimated,2022-04-24,2022-04-26,2022-04-26,5,0,0,0,0,"2881-65904, 2881-65905, 2881-65906, 2881-65907, 2881-65908",NA
NA,NA,NA,NA,Mace Blvd,MBNG11,2,TRES,NA,NA,2022-05-14,Estimated,3,2022-05-17,0,0,NA,0,0,NA,0,NA,NA,NA,NA,NA,NA,NA,NA,0,0,NA,NA
NA,NA,NA,NA,Mace Blvd,MBNG11,3,TRES,NA,NA,2022-06-07,Estimated,4,2022-06-11,2,0,0,0,0,2,2,NA,NA,NA,NA,NA,NA,NA,NA,0,0,NA,NA
HOBO loggers,NA,NA,NA,Mace Blvd,MBNG12,1,TRES,NA,2881-65902,2022-04-05,Confirmed,5,2022-04-10,5,0,0,0,0,0,5,2022-04-26,Confirmed,2022-05-07,2022-05-09,2022-05-07,4,1,0,0,0,"2881-65916, 2881-65917, 2881-65918, 2881-65919",NA
NA,NA,NA,NA,Mace Blvd,MBNG12,2,TRES,NA,NA,2022-06-04,Estimated,5,2022-06-09,1,0,0,0,0,4,1,NA,NA,NA,NA,NA,NA,NA,NA,0,0,NA,NA
NA,NA,NA,NA,Mace Blvd,MBNG13,1,TRES,NA,NA,2022-05-14,Estimated,4,2022-05-18,1,3,0,0,0,0,1,NA,NA,NA,NA,NA,NA,NA,NA,0,0,NA,NA
HOBO loggers,NA,NA,NA,Mace Blvd,MBNG13,2,WEBL,NA,2941-94536,2022-06-04,Estimated,5,2022-06-09,5,0,0,0,0,0,5,2022-06-21,Estimated,2022-07-04,2022-07-06,2022-07-05,4,1,0,0,0,"2941-94543, 2941-94544, 2941-94545, 2941-94546",NA
NA,NA,NA,NA,Mace Blvd,MBNG14,1,WEBL,NA,NA,2022-04-03,Estimated,6,2022-04-09,5,1,0,0,0,0,5,2022-04-25,Estimated,2022-05-08,2022-05-10,NA,NA,NA,NA,NA,0,NA,NA
NA,NA,NA,NA,Mace Blvd,MBNG14,2,ATFL,NA,NA,2022-05-08,Estimated,5,2022-05-13,1,4,0,0,0,0,1,NA,NA,NA,NA,NA,NA,NA,NA,NA,0,NA,NA
NA,NA,NA,NA,Mace Blvd,MBNG14,3,ATFL,NA,NA,2022-06-14,Estimated,2,2022-06-16,0,0,0,0,0,2,0,NA,NA,NA,NA,NA,NA,NA,NA,NA,0,NA,NA
NA,NA,NA,NA,Mace Blvd,MBNG15,1,TRES,NA,NA,2022-04-24,Estimated,7,2022-05-01,4,2,0,0,0,1,4,2022-05-17,Confirmed,2022-05-28,2022-05-30,NA,4,0,0,0,0,NA,NA
NA,NA,NA,NA,Mace Blvd,MBNG17,1,WEBL,NA,NA,2022-04-14,Estimated,5,2022-04-19,5,0,0,0,0,0,5,2022-04-21,Estimated,2022-05-04,2022-05-06,NA,NA,NA,NA,NA,0,NA,NA
NA,NA,NA,NA,Mace Blvd,MBNG17,2,WEBL,NA,NA,2022-06-05,Estimated,5,2022-06-10,0,0,0,0,0,5,0,NA,NA,NA,NA,NA,NA,NA,NA,NA,0,NA,NA
NA,NA,NA,NA,Mace Blvd,MBNG21,1,WEBL,NA,NA,2022-03-31,Estimated,5,2022-04-05,5,0,0,0,0,0,5,2022-04-16,Estimated,2022-04-29,2022-05-01,NA,NA,NA,NA,0,0,NA,NA
NA,NA,NA,NA,Mace Blvd,MBNG21,2,WEBL,NA,NA,2022-05-02,Confirmed,5,2022-05-07,4,1,0,0,0,0,4,2022-04-15,Estimated,2022-04-28,2022-04-30,2022-05-02,NA,NA,NA,0,0,"2941-94502, 2941-94503, 2941-94504, 2941-94505",NA
NA,NA,NA,NA,Mace Blvd,MBNG21,3,ATFL,NA,NA,2022-05-26,Confirmed,4,2022-05-30,4,0,0,0,0,0,4,2022-06-13,Estimated,2022-06-22,2022-06-24,NA,4,0,0,0,0,NA,NA
NA,NA,NA,NA,Mace Blvd,MBNG22,1,TRES,NA,NA,2022-04-02,Estimated,5,2022-04-07,4,0,0,0,0,1,4,2022-04-17,Estimated,2022-04-28,2022-04-30,NA,4,0,0,0,0,NA,NA
NA,NA,NA,NA,Mace Blvd,MBNG22,2,TRES,NA,NA,2022-06-13,Estimated,3,2022-06-16,3,0,0,0,0,0,3,2022-06-28,Confirmed,2022-07-09,2022-07-11,NA,3,0,0,0,0,NA,NA
NA,NA,NA,NA,Mace Blvd,MBNG22,3,TRES,NA,NA,2022-07-27,Confirmed,1,2022-07-28,0,0,1,0,0,0,0,NA,NA,NA,NA,NA,NA,NA,NA,0,0,NA,NA
NA,NA,NA,NA,Mace Blvd,MBNG23,1,TRES,NA,NA,2022-04-07,Estimated,5,2022-04-12,0,0,0,0,0,5,0,NA,NA,NA,NA,NA,NA,NA,NA,0,0,NA,NA
NA,NA,NA,NA,Mace Blvd,MBNG23,2,TRES,NA,NA,2022-04-20,Estimated,6,2022-04-26,6,0,0,0,0,0,6,2022-05-09,Estimated,2022-05-20,2022-05-22,NA,NA,NA,NA,0,0,NA,NA
NA,NA,NA,NA,Mace Blvd,MBNG23,3,TRES,NA,NA,2022-06-12,Estimated,5,2022-06-17,4,0,0,0,0,1,4,2022-07-02,Estimated,2022-07-13,2022-07-15,NA,4,0,0,0,0,NA,NA
NA,NA,NA,NA,Mace Blvd,MBNG24,1,TRES,NA,NA,2022-04-20,Estimated,6,2022-04-26,5,0,0,0,0,1,5,2022-05-10,Estimated,2022-05-21,2022-05-23,NA,NA,NA,NA,NA,0,NA,NA
NA,NA,NA,NA,Mace Blvd,MBNG25,1,TRES,NA,NA,2022-04-08,Estimated,5,2022-04-13,0,0,0,0,0,5,0,NA,NA,NA,NA,NA,NA,NA,NA,0,0,NA,NA
NA,NA,NA,NA,Mace Blvd,MBNG25,2,WEBL,NA,NA,2022-06-04,Estimated,5,2022-06-09,5,0,0,0,0,0,5,2022-06-19,Estimated,2022-07-02,2022-07-04,NA,5,0,0,0,0,NA,NA
NA,NA,NA,NA,Mace Blvd,MBNG27,1,TRES,NA,NA,2022-04-01,Estimated,5,2022-04-06,4,0,0,0,0,1,4,2022-04-20,Estimated,2022-05-01,2022-05-03,NA,NA,NA,NA,NA,0,NA,NA
NA,NA,NA,NA,Mace Blvd,MBNG27,2,TRES,NA,NA,2022-06-04,Estimated,5,2022-06-09,5,0,0,0,0,0,5,2022-06-11,Estimated,2022-06-22,2022-06-24,NA,NA,NA,NA,NA,0,NA,NA
NA,NA,NA,NA,Mace Blvd,MBNG28,1,WEBL,NA,NA,2022-05-14,Estimated,5,2022-05-19,2,3,0,0,0,0,2,2022-05-16,Estimated,2022-05-29,2022-05-31,NA,NA,NA,NA,NA,0,NA,NA
HOBO loggers,NA,NA,NA,Mace Blvd,MBNG28,2,WEBL,NA,2941-94558,2022-06-30,Estimated,5,2022-07-05,3,2,0,0,0,0,3,2022-07-19,Confirmed,2022-08-01,2022-08-03,2022-08-02,NA,NA,NA,NA,0,2941-94562,NA
NA,NA,NA,NA,Mace Blvd,MBNG3,1,WEBL,NA,NA,2022-05-13,Estimated,5,2022-05-18,4,0,0,0,0,1,4,2022-05-16,Estimated,2022-05-29,2022-05-31,NA,NA,NA,NA,0,0,NA,NA
NA,NA,NA,NA,Mace Blvd,MBNG3,2,WEBL,NA,NA,2022-06-24,Estimated,4,2022-06-28,4,0,0,0,0,0,4,2022-07-02,Estimated,2022-07-15,2022-07-17,NA,4,0,0,0,0,NA,NA
NA,NA,NA,NA,Mace Blvd,MBNG4,1,TRES,NA,NA,2022-05-12,Estimated,5,2022-05-17,3,0,0,0,0,2,3,2022-05-26,Confirmed,2022-06-06,2022-06-08,NA,2,1,0,0,0,NA,NA
NA,NA,NA,NA,Mace Blvd,MBNG4,2,TRES,NA,NA,2022-07-15,Estimated,4,2022-07-19,0,0,1,0,0,3,0,NA,NA,NA,NA,NA,NA,NA,NA,0,0,NA,NA
NA,NA,NA,NA,Mace Blvd,MBNG5,1,TRES,NA,NA,2022-06-12,Estimated,4,2022-06-16,4,0,0,0,0,0,4,2022-06-28,Estimated,2022-07-09,2022-07-11,NA,NA,NA,NA,NA,0,NA,NA
NA,NA,NA,NA,Mace Blvd,MBNG6,1,TRES,NA,NA,2022-05-13,Estimated,5,2022-05-18,5,0,0,0,0,0,5,2022-05-17,Estimated,2022-05-28,2022-05-30,NA,4,1,0,0,0,NA,NA
NA,NA,NA,NA,Mace Blvd,MBNG7,1,TRES,NA,NA,2022-05-13,Estimated,4,2022-05-17,2,0,0,0,0,2,2,2022-05-26,Confirmed,2022-06-06,2022-06-08,NA,2,0,0,0,0,NA,NA
NA,NA,NA,NA,Mace Blvd,MBNG8,1,WEBL,NA,NA,2022-04-14,Estimated,5,2022-04-19,0,0,NA,0,0,NA,0,NA,NA,NA,NA,NA,NA,NA,NA,0,0,NA,NA
HOBO loggers,NA,NA,NA,Mace Blvd,MBNG8,2,WEBL,2941-94531,2941-94530,2022-06-04,Estimated,5,2022-06-09,4,0,0,0,0,1,4,2022-06-13,Estimated,2022-06-26,2022-06-28,2022-06-28,4,0,0,0,0,"2941-94532, 2941-94533, 2941-94534, 2941-94535",NA
HOBO loggers,NA,NA,NA,Mace Blvd,MBNG9,1,TRES,NA,NA,2022-04-02,Estimated,7,2022-04-09,6,0,0,0,0,1,6,2022-04-24,Estimated,2022-05-05,2022-05-07,2022-05-07,NA,NA,NA,0,0,"2881-65910, 2881-65911, 2881-65912, 2881-65913, 2881-65914, 2881-65915",NA
NA,NA,NA,NA,Mace Blvd,MBNG9,2,TRES,NA,NA,2022-05-03,Confirmed,7,2022-05-10,6,0,0,0,0,1,6,NA,NA,NA,NA,NA,NA,NA,NA,0,0,NA,NA
NA,NA,NA,NA,Mace Blvd,MBNG9,3,TRES,NA,NA,2022-06-04,Estimated,5,2022-06-09,5,0,0,0,0,0,5,2022-06-18,Estimated,2022-06-29,2022-07-01,NA,4,1,0,0,0,NA,NA
NA,NA,NA,NA,Mace Blvd,MBNR1,1,WEBL,NA,NA,2022-04-02,Estimated,6,2022-04-08,4,0,0,0,0,2,4,NA,NA,NA,NA,NA,NA,NA,NA,NA,0,NA,NA
NA,NA,NA,NA,Mace Blvd,MBNR2,1,TRES,NA,NA,2022-05-04,Estimated,6,2022-05-10,6,0,0,0,0,0,6,2022-05-22,Estimated,2022-06-02,2022-06-04,NA,NA,NA,NA,NA,0,NA,NA
NA,NA,NA,NA,Mace Blvd,MBNR2,2,WEBL,NA,NA,2022-07-10,Estimated,4,2022-07-14,0,0,3,0,0,1,0,NA,NA,NA,NA,NA,NA,NA,NA,NA,0,NA,NA
NA,NA,NA,NA,Mace Blvd,MBNR3,1,TRES,NA,NA,2022-05-12,Estimated,5,2022-05-17,0,0,0,0,0,5,0,NA,NA,NA,NA,NA,NA,NA,NA,NA,0,NA,NA
NA,NA,NA,NA,Mace Blvd,MBNR4,1,TRES,NA,NA,2022-04-07,Estimated,5,2022-04-12,5,0,0,0,0,0,5,2022-04-24,Estimated,2022-05-05,2022-05-07,NA,4,1,0,0,0,NA,NA
NA,NA,NA,NA,Mace Blvd,MBNR4,2,WEBL,NA,NA,2022-05-29,Estimated,5,2022-06-03,0,0,5,0,0,0,0,NA,NA,NA,NA,NA,NA,NA,NA,0,0,NA,NA
NA,NA,NA,NA,Mace Blvd,MBNR5,1,TRES,NA,NA,2022-05-10,Confirmed,5,2022-05-15,5,0,0,0,0,0,5,2022-05-29,Estimated,2022-06-09,2022-06-11,NA,NA,NA,NA,NA,0,NA,NA
NA,NA,NA,NA,Mace Blvd,MBNR6,1,WEBL,NA,NA,2022-04-08,Estimated,5,2022-04-13,4,0,0,0,0,1,4,2022-04-26,Confirmed,2022-05-09,2022-05-11,NA,NA,NA,NA,0,0,NA,NA
NA,NA,NA,NA,Mace Blvd,MBNR6,2,WEBL,NA,NA,2022-05-10,Confirmed,5,2022-05-15,4,1,0,0,0,0,4,NA,NA,NA,NA,NA,NA,NA,NA,0,0,NA,NA
HOBO loggers,NA,NA,NA,Mace Blvd,MBNR6,3,WEBL,NA,2941-94407,2022-05-26,Confirmed,6,2022-06-01,4,2,0,0,0,0,4,2022-06-20,Estimated,2022-07-03,2022-07-05,2022-07-05,3,1,0,0,0,"2941-94547, 2941-94548, 2941-94549",NA
NA,NA,NA,NA,Mace Blvd,MBNR6,4,WEBL,NA,NA,2022-07-05,Confirmed,4,2022-07-09,3,1,0,0,0,0,3,NA,NA,NA,NA,NA,NA,NA,NA,0,0,NA,NA
HOBO loggers,NA,NA,NA,Mace Blvd,MBNR7,1,TRES,NA,2881-65927,2022-04-24,Estimated,6,2022-04-30,6,0,0,0,0,0,6,2022-05-13,Estimated,2022-05-24,2022-05-26,2022-05-26,6,0,0,0,0,"2881-65951, 2881-65952, 2881-65953, 2881-65954, 2881-65955, 2881-65956",NA
HOBO loggers,NA,NA,NA,Mace Blvd,MBNR8,1,TRES,NA,1741-63604,2022-04-24,Estimated,8,2022-05-02,6,0,0,0,0,2,6,2022-05-13,Estimated,2022-05-24,2022-05-26,2022-05-26,6,0,0,0,0,"2881-65957, 2881-65958, 2881-65959, 2881-65960, 2881-65961, 2881-65962",NA
NA,NA,NA,NA,Mace Blvd,MBNR9,1,TRES,NA,NA,2022-05-04,Estimated,6,2022-05-10,6,0,0,0,0,0,6,2022-05-26,Confirmed,2022-06-06,2022-06-08,NA,NA,NA,NA,NA,0,NA,NA
NA,NA,NA,NA,Picnic Grounds,PICG1,1,WEBL,NA,NA,2022-04-27,Estimated,5,2022-05-02,5,0,0,0,0,0,5,2022-05-15,Estimated,2022-05-28,2022-05-30,NA,5,0,0,0,0,NA,NA
NA,NA,NA,NA,Picnic Grounds,PICG1,2,TRES,NA,NA,2022-06-16,Estimated,5,2022-06-21,5,0,0,0,0,0,5,NA,NA,NA,NA,NA,NA,NA,NA,0,0,NA,NA
NA,NA,NA,NA,Picnic Grounds,PICG10,1,TRES,NA,NA,2022-05-24,Estimated,5,2022-05-29,4,0,0,0,0,1,4,2022-06-11,Estimated,2022-06-22,2022-06-24,NA,4,0,0,0,0,NA,NA
NA,NA,NA,NA,Picnic Grounds,PICG2,1,TRES,NA,NA,2022-04-10,Estimated,5,2022-04-15,4,1,0,0,0,0,4,2022-04-29,Estimated,2022-05-10,2022-05-12,NA,4,0,0,0,0,NA,NA
HOBO loggers,NA,NA,NA,Picnic Grounds,PICG2,2,WEBL,2941-94429,NA,2022-06-25,Estimated,3,2022-06-28,3,0,0,0,0,0,3,2022-07-10,Estimated,2022-07-23,2022-07-25,2022-07-21,3,0,0,0,0,"2941-94559, 2941-94560, 2941-94561",NA
NA,NA,NA,NA,Picnic Grounds,PICG3,1,TRES,NA,NA,2022-04-19,Confirmed,1,2022-04-20,0,0,0,0,0,1,0,NA,NA,NA,NA,NA,NA,NA,NA,NA,0,NA,NA
NA,NA,NA,NA,Picnic Grounds,PICG3,2,TRES,NA,NA,2022-05-02,Estimated,3,2022-05-05,0,0,0,0,0,3,0,NA,NA,NA,NA,NA,NA,NA,NA,NA,0,NA,NA
NA,NA,NA,NA,Picnic Grounds,PICG3,3,TRES,NA,NA,2022-06-18,Estimated,4,2022-06-22,0,0,0,0,0,4,0,NA,NA,NA,NA,NA,NA,NA,NA,NA,0,NA,NA
NA,NA,NA,NA,Picnic Grounds,PICG4,1,WEBL,NA,NA,2022-04-27,Estimated,4,2022-05-01,3,0,0,0,0,1,3,2022-05-09,Estimated,2022-05-22,2022-05-24,NA,2,1,0,0,0,NA,NA
NA,NA,NA,NA,Picnic Grounds,PICG5,1,TRES,NA,NA,2022-04-23,Estimated,6,2022-04-29,4,1,0,0,0,1,4,2022-05-12,Confirmed,2022-05-23,2022-05-25,NA,NA,NA,NA,0,0,NA,NA
NA,NA,NA,NA,Picnic Grounds,PICG5,2,TRES,NA,NA,2022-05-10,Estimated,6,2022-05-16,6,0,0,0,0,0,6,2022-05-12,Confirmed,2022-05-23,2022-05-25,NA,6,0,0,0,0,NA,NA
NA,NA,NA,NA,Picnic Grounds,PICG6,1,TRES,NA,NA,2022-04-29,Estimated,7,2022-05-06,7,0,0,0,0,0,7,2022-05-17,Estimated,2022-05-28,2022-05-30,NA,7,0,0,0,0,NA,NA
NA,NA,NA,NA,Picnic Grounds,PICG7,1,TRES,NA,NA,2022-05-02,Estimated,3,2022-05-05,0,0,0,0,0,3,0,NA,NA,NA,NA,NA,NA,NA,NA,NA,0,NA,NA
NA,NA,NA,NA,Picnic Grounds,PICG8,1,TRES,NA,NA,2022-05-27,Estimated,4,2022-05-31,4,0,0,0,0,0,4,2022-06-14,Estimated,2022-06-25,2022-06-27,NA,NA,NA,NA,NA,0,NA,NA
NA,NA,NA,NA,Picnic Grounds,PICG9,1,TRES,NA,2881-65926,2022-04-29,Estimated,6,2022-05-05,6,0,0,0,0,0,6,2022-05-13,Confirmed,2022-05-24,2022-05-26,2022-05-26,5,1,0,0,0,"2881-65802, 2881-65803, 2881-65805, 2881-65806, 2881-65807",NA
NA,NA,NA,NA,Picnic Grounds,PICO1,1,WEBL,NA,NA,2022-03-24,Estimated,5,2022-03-29,5,0,0,0,0,0,5,2022-04-08,Estimated,2022-04-21,2022-04-23,NA,5,0,0,0,0,NA,NA
NA,NA,NA,NA,Picnic Grounds,PICO1,2,WEBL,NA,NA,2022-05-19,Estimated,5,2022-05-24,5,0,0,0,0,0,5,2022-06-04,Estimated,2022-06-17,2022-06-19,NA,5,0,0,0,0,NA,NA
HOBO loggers,NA,NA,NA,Picnic Grounds,PICO10,1,WEBL,NA,NA,2022-06-02,Estimated,5,2022-06-07,5,0,0,0,0,0,5,2022-06-15,Estimated,2022-06-28,2022-06-30,2022-06-30,5,0,0,0,0,"2941-94538, 2941-94539, 2941-94540, 2941-94541, 2941-94542",NA
NA,NA,NA,NA,Picnic Grounds,PICO2,1,WEBL,NA,NA,2022-06-12,Estimated,5,2022-06-17,0,0,0,0,0,5,0,NA,NA,NA,NA,NA,NA,NA,NA,NA,0,NA,NA
NA,NA,NA,NA,Picnic Grounds,PICO2,2,WEBL,NA,NA,2022-07-27,Confirmed,1,2022-07-28,0,0,1,0,0,0,0,NA,NA,NA,NA,NA,NA,NA,NA,NA,0,NA,NA
NA,NA,NA,NA,Picnic Grounds,PICO3,1,WEBL,NA,NA,2022-03-26,Estimated,4,2022-03-30,3,1,0,0,0,0,3,2022-04-06,Estimated,2022-04-19,2022-04-21,NA,NA,NA,NA,NA,0,NA,NA
HOBO loggers,NA,NA,NA,Picnic Grounds,PICO3,2,WEBL,NA,NA,2022-04-22,Estimated,6,2022-04-28,6,0,0,0,0,0,6,2022-05-12,Estimated,2022-05-25,2022-05-27,2022-05-26,NA,NA,NA,NA,0,"2941-94525, 2941-94526, 2941-94527, 2941-94528, 2941-94529, 2941-94530",NA
NA,NA,NA,NA,Picnic Grounds,PICO4,1,WEBL,NA,NA,2022-03-24,Estimated,5,2022-03-29,4,1,0,0,0,0,4,2022-04-11,Estimated,2022-04-24,2022-04-26,NA,3,1,0,0,0,NA,NA
NA,NA,NA,NA,Picnic Grounds,PICO4,2,WEBL,NA,NA,2022-05-12,Estimated,6,2022-05-18,6,0,0,0,0,0,6,2022-05-31,Confirmed,2022-06-13,2022-06-15,NA,5,1,0,0,0,NA,NA
NA,NA,NA,NA,Picnic Grounds,PICO5,1,TRES,NA,NA,2022-03-30,Estimated,6,2022-04-05,0,0,0,0,0,6,0,NA,NA,NA,NA,NA,NA,NA,NA,0,0,NA,NA
HOBO loggers,NA,NA,NA,Picnic Grounds,PICO5,2,TRES,2881-65920,2631-20620,2022-04-17,Estimated,6,2022-04-23,5,0,0,0,0,1,5,2022-05-06,Estimated,2022-05-17,2022-05-19,2022-05-18,5,0,0,0,0,"2881-65928, 2881-65929, 2881-65930, 2881-65931, 2881-65932",NA
HOBO loggers,NA,NA,NA,Picnic Grounds,PICO6,1,TRES,NA,2881-17944,2022-05-02,Estimated,6,2022-05-08,4,1,0,0,0,1,4,2022-05-22,Estimated,2022-06-02,2022-06-04,2022-06-03,4,0,0,0,0,"2881-65826, 2881-65827, 2881-65828, 2881-65829",NA
HOBO loggers,NA,NA,NA,Picnic Grounds,PICO7,1,WEBL,NA,2941-94411,2022-06-10,Estimated,4,2022-06-14,3,0,0,0,0,1,3,2022-06-24,Estimated,2022-07-07,2022-07-09,2022-07-07,3,0,0,0,0,"2941-94550, 2941-94551, 2941-94552",NA
NA,NA,NA,NA,Picnic Grounds,PICO8,1,WEBL,NA,NA,2022-04-07,Estimated,5,2022-04-12,5,0,0,0,0,0,5,2022-04-24,Estimated,2022-05-07,2022-05-09,NA,5,0,0,0,0,NA,NA
HOBO loggers,NA,NA,NA,Picnic Grounds,PICO9,1,WEBL,NA,2941-94512,2022-04-08,Estimated,5,2022-04-13,5,0,0,0,0,0,5,2022-04-26,Estimated,2022-05-09,2022-05-11,2022-05-10,5,0,0,0,0,"2941-94519, 2941-94520, 2941-94521, 2941-94522, 2941-94523",NA
NA,NA,NA,NA,Picnic Grounds,PICR1,1,TRES,NA,NA,2022-05-13,Estimated,5,2022-05-18,5,0,0,0,0,0,5,2022-05-24,Confirmed,2022-06-04,2022-06-06,NA,4,1,0,0,0,NA,NA
NA,NA,NA,NA,Picnic Grounds,PICR10,1,TRES,NA,NA,2022-04-16,Estimated,6,2022-04-22,0,0,5,0,0,1,0,NA,NA,NA,NA,NA,NA,NA,NA,0,0,NA,NA
NA,NA,NA,NA,Picnic Grounds,PICR10,2,TRES,NA,NA,2022-04-29,Estimated,6,2022-05-05,6,0,0,0,0,0,6,2022-05-07,Estimated,2022-05-18,2022-05-20,NA,4,2,0,0,0,NA,NA
HOBO loggers,NA,NA,NA,Picnic Grounds,PICR10,3,TRES,NA,2881-65977,2022-06-09,Estimated,5,2022-06-14,3,0,0,0,0,2,3,2022-06-27,Estimated,2022-07-08,2022-07-10,2022-07-10,3,0,0,0,0,"2881-65851, 2881-65852",NA
HOBO loggers,NA,NA,NA,Picnic Grounds,PICR3,1,TRES,NA,2631-20668,2022-04-23,Estimated,5,2022-04-28,5,0,0,0,0,0,5,2022-05-12,Confirmed,2022-05-23,2022-05-25,2022-05-24,2,3,0,0,0,"2881-65943, 2881-65944, 2881-65945, 2881-65946, 2881-65947, 2881-65948",NA
HOBO loggers,NA,NA,NA,Picnic Grounds,PICR4,1,WEBL,NA,NA,2022-04-14,Estimated,5,2022-04-19,4,0,0,0,0,1,4,2022-05-03,Estimated,2022-05-16,2022-05-18,2022-05-18,4,0,0,0,0,"2941-94525, 2941-94526, 2941-94527, 2941-94528",NA
HOBO loggers,NA,NA,NA,Picnic Grounds,PICR4,2,WEBL,NA,2941-94537,2022-06-10,Estimated,5,2022-06-15,5,0,0,0,0,0,5,2022-06-27,Estimated,2022-07-10,2022-07-12,2022-07-12,5,0,0,0,0,"2941-94553, 2941-94554, 2941-94555, 2941-94556, 2941-94557",NA
NA,NA,NA,NA,Picnic Grounds,PICR5,1,TRES,NA,NA,2022-04-29,Estimated,6,2022-05-05,6,0,0,0,0,0,6,2022-05-12,Estimated,2022-05-23,2022-05-25,NA,5,1,0,0,0,NA,NA
NA,NA,NA,NA,Picnic Grounds,PICR5,2,TRES,NA,NA,2022-06-11,Estimated,4,2022-06-15,4,0,0,0,0,0,4,2022-06-28,Estimated,2022-07-09,2022-07-11,NA,4,0,0,0,0,NA,NA
NA,NA,NA,NA,Picnic Grounds,PICR6,1,TRES,NA,NA,2022-04-28,Estimated,3,2022-05-01,0,0,0,0,0,3,0,NA,NA,NA,NA,NA,NA,NA,NA,NA,0,NA,NA
NA,NA,NA,NA,Picnic Grounds,PICR7,1,TRES,NA,NA,2022-04-29,Estimated,3,2022-05-02,2,0,0,0,0,1,2,2022-05-19,Estimated,2022-05-30,2022-06-01,NA,2,0,0,0,0,NA,NA
NA,NA,NA,NA,Picnic Grounds,PICR7,2,WEBL,NA,NA,2022-06-14,Confirmed,2,2022-06-16,0,0,0,0,0,2,0,NA,NA,NA,NA,NA,NA,NA,NA,0,0,NA,NA
NA,NA,NA,NA,Picnic Grounds,PICR7,3,WEBL,NA,NA,2022-07-25,Estimated,2,2022-07-27,0,0,2,0,0,0,0,NA,NA,NA,NA,NA,NA,NA,NA,0,0,NA,NA
NA,NA,NA,NA,Picnic Grounds,PICR8,1,TRES,NA,NA,2022-04-22,Estimated,4,2022-04-26,0,0,0,0,0,4,0,NA,NA,NA,NA,NA,NA,NA,NA,0,0,NA,NA
NA,NA,NA,NA,Picnic Grounds,PICR8,2,TRES,NA,2881-65933,2022-04-30,Estimated,5,2022-05-05,5,0,0,0,0,0,5,2022-05-12,Confirmed,2022-05-23,2022-05-25,2022-05-24,5,0,0,0,0,"2881-65941, 2881-65942, 2881-65949, 2881-65950",NA
NA,NA,NA,NA,Russell Ranch,RRRG1,1,TRES,NA,NA,2022-04-09,Estimated,5,2022-04-14,5,0,0,0,0,0,5,2022-04-29,Estimated,2022-05-10,2022-05-12,NA,5,0,0,0,0,NA,NA
NA,NA,NA,NA,Russell Ranch,RRRG13,1,TRES,NA,NA,2022-04-22,Estimated,6,2022-04-28,5,0,0,0,0,1,5,NA,NA,NA,NA,NA,NA,NA,NA,NA,0,NA,NA
NA,NA,NA,NA,Russell Ranch,RRRG13,2,TRES,NA,NA,2022-06-18,Estimated,4,2022-06-22,4,0,0,0,0,0,4,2022-07-06,Confirmed,2022-07-17,2022-07-19,NA,NA,NA,NA,NA,0,NA,NA
NA,NA,NA,NA,Russell Ranch,RRRG2,1,TRES,NA,NA,2022-04-19,Confirmed,5,2022-04-24,0,0,5,0,0,0,0,NA,NA,NA,NA,NA,NA,NA,NA,NA,0,NA,NA
NA,NA,NA,NA,Russell Ranch,RRRG26,1,WEBL,NA,NA,2022-04-14,Estimated,5,2022-04-19,1,3,0,0,0,1,1,NA,NA,NA,NA,NA,NA,NA,NA,NA,0,NA,NA
NA,NA,NA,NA,Russell Ranch,RRRG27,1,TRES,NA,NA,2022-04-26,Confirmed,5,2022-05-01,5,0,0,0,0,0,5,2022-05-14,Estimated,2022-05-25,2022-05-27,NA,4,1,0,0,0,NA,NA
NA,NA,NA,NA,Russell Ranch,RRRG28,1,WEBL,NA,NA,2022-04-02,Estimated,6,2022-04-08,3,3,0,0,0,0,3,NA,NA,NA,NA,NA,NA,NA,NA,0,0,NA,NA
HOBO loggers,NA,NA,NA,Russell Ranch,RRRG28,2,WEBL,NA,NA,2022-04-21,Estimated,5,2022-04-26,3,2,0,0,0,0,3,2022-04-21,Estimated,2022-05-04,2022-05-06,2022-05-04,NA,NA,NA,0,0,"2941-94511, 2941-94512, 2941-94513",NA
NA,NA,NA,NA,Russell Ranch,RRRG28,3,TRES,NA,NA,2022-05-17,Estimated,4,2022-05-21,3,0,0,0,0,1,3,2022-06-02,Estimated,2022-06-13,2022-06-15,NA,3,0,0,0,0,NA,NA
NA,NA,NA,NA,Russell Ranch,RRRG29,1,TRES,NA,NA,2022-06-16,Confirmed,3,2022-06-19,2,1,0,0,0,0,2,2022-06-16,Confirmed,2022-06-27,2022-06-29,NA,NA,NA,NA,NA,0,NA,NA
NA,NA,NA,NA,Russell Ranch,RRRG33,1,TRES,NA,NA,2022-05-04,Estimated,6,2022-05-10,2,0,0,0,0,4,2,NA,NA,NA,NA,NA,NA,NA,NA,NA,0,NA,NA
NA,NA,NA,NA,Russell Ranch,RRRG33,2,TRES,NA,NA,2022-06-22,Confirmed,1,2022-06-23,0,0,0,0,0,1,0,NA,NA,NA,NA,NA,NA,NA,NA,NA,0,NA,NA
NA,NA,NA,NA,Russell Ranch,RRRG34,1,TRES,NA,NA,2022-04-23,Estimated,5,2022-04-28,5,0,0,0,0,0,5,NA,NA,NA,NA,NA,NA,NA,NA,NA,0,NA,NA
NA,NA,NA,NA,Russell Ranch,RRRG35,1,WEBL,NA,NA,2022-04-16,Estimated,3,2022-04-19,0,0,1,0,0,2,0,NA,NA,NA,NA,NA,NA,NA,NA,NA,0,NA,NA
NA,NA,NA,NA,Russell Ranch,RRRG36,1,TRES,NA,NA,2022-04-19,Confirmed,5,2022-04-24,1,4,0,0,0,0,1,NA,NA,NA,NA,NA,NA,NA,NA,NA,0,NA,NA
NA,NA,NA,NA,Russell Ranch,RRRG36,2,TRES,NA,NA,2022-06-07,Estimated,6,2022-06-13,2,0,0,0,0,4,2,NA,NA,NA,NA,NA,NA,NA,NA,NA,0,NA,NA
NA,NA,NA,NA,Russell Ranch,RRRG38,1,TRES,NA,NA,2022-04-19,Estimated,7,2022-04-26,3,3,0,0,0,1,3,NA,NA,NA,NA,NA,NA,NA,NA,NA,0,NA,NA
NA,NA,NA,NA,Russell Ranch,RRRG38,2,TRES,NA,NA,2022-06-11,Estimated,3,2022-06-14,0,0,3,0,0,0,0,NA,NA,NA,NA,NA,NA,NA,NA,NA,0,NA,NA
NA,NA,NA,NA,Russell Ranch,RRRG39,1,WEBL,NA,NA,2022-05-05,Estimated,5,2022-05-10,5,0,0,0,0,0,5,2022-05-20,Estimated,2022-06-02,2022-06-04,NA,4,1,0,0,0,NA,NA
NA,NA,NA,NA,Russell Ranch,RRRG4,1,TRES,NA,NA,2022-04-08,Estimated,5,2022-04-13,0,0,1,0,0,4,0,NA,NA,NA,NA,NA,NA,NA,NA,NA,0,NA,NA
NA,NA,NA,NA,Russell Ranch,RRRG4,2,TRES,NA,NA,2022-05-04,Estimated,6,2022-05-10,4,0,0,0,0,2,4,NA,NA,NA,NA,NA,NA,NA,NA,NA,0,NA,NA
NA,NA,NA,NA,Russell Ranch,RRRG4,3,TRES,NA,NA,2022-06-09,Estimated,5,2022-06-14,1,0,0,0,0,4,1,NA,NA,NA,NA,NA,NA,NA,NA,NA,0,NA,NA
NA,NA,NA,NA,Russell Ranch,RRRG40,1,TRES,NA,NA,2022-05-08,Estimated,2,2022-05-10,0,0,0,0,0,2,0,NA,NA,NA,NA,NA,NA,NA,NA,0,0,NA,NA
NA,NA,NA,NA,Russell Ranch,RRRG40,2,TRES,NA,NA,2022-05-20,Estimated,4,2022-05-24,3,0,0,0,0,1,3,2022-05-26,Estimated,2022-06-06,2022-06-08,NA,3,0,0,0,0,NA,NA
NA,NA,NA,NA,Russell Ranch,RRRG41,1,TRES,NA,NA,2022-05-06,Estimated,4,2022-05-10,0,0,0,0,0,4,0,NA,NA,NA,NA,NA,NA,NA,NA,0,0,NA,NA
HOBO loggers,NA,NA,NA,Russell Ranch,RRRG41,2,WEBL,NA,2941-94538,2022-06-09,Estimated,5,2022-06-14,5,0,0,0,0,0,5,2022-06-20,Estimated,2022-07-03,2022-07-05,2022-07-05,5,0,0,0,0,"2941-94540, 2941-94541, 2941-94542, 2941-94543, 2941-94544",NA
NA,NA,NA,NA,Russell Ranch,RRRG42,1,TRES,NA,NA,2022-05-14,Estimated,6,2022-05-20,6,0,0,0,0,0,6,2022-05-16,Estimated,2022-05-27,2022-05-29,NA,5,1,0,0,0,NA,NA
NA,NA,NA,NA,Russell Ranch,RRRG43,1,TRES,NA,NA,2022-05-04,Estimated,6,2022-05-10,6,0,0,0,0,0,6,2022-05-17,Estimated,2022-05-28,2022-05-30,NA,3,3,0,0,0,NA,NA
NA,NA,NA,NA,Russell Ranch,RRRG44,1,TRES,NA,NA,2022-05-04,Estimated,6,2022-05-10,6,0,0,0,0,0,6,2022-05-17,Estimated,2022-05-28,2022-05-30,NA,3,3,0,0,0,NA,NA
NA,NA,NA,NA,Russell Ranch,RRRG44,2,WEBL,NA,NA,2022-06-17,Estimated,5,2022-06-22,0,0,0,0,0,5,0,NA,NA,NA,NA,NA,NA,NA,NA,0,0,NA,NA
NA,NA,NA,NA,Russell Ranch,RRRG45,1,ATFL,NA,NA,2022-05-20,Estimated,4,2022-05-24,3,0,0,0,0,1,3,NA,NA,NA,NA,NA,NA,NA,NA,NA,0,NA,NA
NA,NA,NA,NA,Russell Ranch,RRRG5,1,WEBL,NA,NA,2022-04-16,Estimated,4,2022-04-20,4,0,0,0,0,0,4,2022-05-02,Estimated,2022-05-15,2022-05-17,NA,4,0,0,0,0,NA,NA
HOBO loggers,NA,NA,NA,Russell Ranch,RRRG5,2,TRES,NA,NA,2022-06-04,Estimated,5,2022-06-09,5,0,0,0,0,0,5,2022-06-16,Confirmed,2022-06-27,2022-06-29,2022-06-28,5,0,0,0,0,"2881-65836, 2881-65837, 2881-65838, 2881-65839, 2881-65840",NA
NA,NA,NA,NA,Russell Ranch,RRRG6,1,TRES,NA,NA,2022-04-09,Estimated,6,2022-04-15,0,0,0,0,0,6,0,NA,NA,NA,NA,NA,NA,NA,NA,NA,0,NA,NA
NA,NA,NA,NA,Russell Ranch,RRRG7,1,WEBL,NA,NA,2022-04-08,Estimated,5,2022-04-13,5,0,0,0,0,0,5,2022-04-26,Estimated,2022-05-09,2022-05-11,NA,NA,NA,NA,NA,0,NA,NA
NA,NA,NA,NA,Russell Ranch,RRRG7,2,TRES,NA,NA,2022-06-05,Estimated,4,2022-06-09,0,0,4,0,0,0,0,NA,NA,NA,NA,NA,NA,NA,NA,NA,0,NA,NA
NA,NA,NA,NA,Russell Ranch,RRRG8,1,WEBL,NA,NA,2022-03-23,Confirmed,5,2022-03-28,0,0,0,0,0,5,0,NA,NA,NA,NA,NA,NA,NA,NA,NA,0,NA,NA
NA,NA,NA,NA,Russell Ranch,RRRG8,2,TRES,NA,NA,2022-05-10,Confirmed,1,2022-05-11,0,0,0,0,0,1,0,NA,NA,NA,NA,NA,NA,NA,NA,NA,0,NA,NA
NA,NA,NA,NA,Russell Ranch,RRRG9,1,TRES,NA,NA,2022-04-20,Estimated,6,2022-04-26,5,0,0,0,0,1,5,NA,NA,NA,NA,NA,NA,NA,NA,NA,0,NA,NA
NA,NA,NA,NA,Russell Ranch,RRRG9,2,WEBL,NA,NA,2022-06-14,Confirmed,5,2022-06-19,3,0,0,0,0,2,3,NA,NA,NA,NA,NA,NA,NA,NA,NA,0,NA,NA
NA,NA,NA,NA,Russell Ranch,RRRR1,1,WEBL,NA,NA,2022-04-17,Estimated,5,2022-04-22,3,0,0,0,0,2,3,NA,NA,NA,NA,NA,NA,NA,NA,NA,0,NA,NA
NA,NA,NA,NA,Russell Ranch,RRRR10,1,WEBL,NA,NA,2022-04-05,Estimated,5,2022-04-10,4,0,0,0,0,1,4,2022-04-27,Estimated,2022-05-10,2022-05-12,NA,4,0,0,0,0,NA,NA
NA,NA,NA,NA,Russell Ranch,RRRR10,2,WEBL,NA,NA,2022-06-03,Estimated,4,2022-06-07,0,0,3,0,0,1,0,NA,NA,NA,NA,NA,NA,NA,NA,0,0,NA,NA
HOBO loggers,NA,NA,NA,Russell Ranch,RRRR10,3,WEBL,NA,NA,2022-06-16,Estimated,5,2022-06-21,5,0,0,0,0,0,5,2022-06-21,Estimated,2022-07-04,2022-07-06,2022-07-06,5,0,0,0,0,"2941-94545, 2941-94546, 2941-94547, 2941-94548, 2941-94549",NA
NA,NA,NA,NA,Russell Ranch,RRRR2,1,WEBL,NA,NA,2022-04-07,Estimated,6,2022-04-13,5,0,0,0,0,1,5,NA,NA,NA,NA,NA,NA,NA,NA,NA,0,NA,NA
NA,NA,NA,NA,Russell Ranch,RRRR2,2,TRES,NA,NA,2022-04-30,Estimated,5,2022-05-05,5,0,0,0,0,0,5,NA,NA,NA,NA,NA,NA,NA,NA,NA,0,NA,NA
NA,NA,NA,NA,Russell Ranch,RRRR2,3,WEBL,NA,NA,2022-05-18,Confirmed,1,2022-05-19,0,0,NA,0,0,NA,0,NA,NA,NA,NA,NA,NA,NA,NA,NA,0,NA,NA
NA,NA,NA,NA,Russell Ranch,RRRR2,4,WEBL,NA,NA,2022-05-28,Estimated,5,2022-06-02,4,0,0,0,0,1,4,2022-06-07,Estimated,2022-06-20,2022-06-22,NA,NA,NA,NA,NA,0,NA,NA
NA,NA,NA,NA,Russell Ranch,RRRR3,1,TRES,NA,NA,2022-04-27,Estimated,6,2022-05-03,6,0,0,0,0,0,6,2022-05-16,Estimated,2022-05-27,2022-05-29,NA,6,0,0,0,0,NA,NA
NA,NA,NA,NA,Russell Ranch,RRRR3,2,TRES,NA,NA,2022-06-21,Confirmed,4,2022-06-25,2,0,0,0,0,2,2,NA,NA,NA,NA,NA,NA,NA,NA,0,0,NA,NA
NA,NA,NA,NA,Russell Ranch,RRRR4,1,TRES,NA,NA,2022-04-24,Estimated,6,2022-04-30,5,1,0,0,0,0,5,NA,NA,NA,NA,NA,NA,NA,NA,NA,0,NA,NA
NA,NA,NA,NA,Russell Ranch,RRRR4,2,TRES?,NA,NA,2022-06-30,Confirmed,1,2022-07-01,0,0,0,0,0,1,0,NA,NA,NA,NA,NA,NA,NA,NA,NA,0,NA,NA
NA,NA,NA,NA,Russell Ranch,RRRR5,1,WEBL,NA,NA,2022-04-08,Estimated,5,2022-04-13,5,0,0,0,0,0,5,2022-04-28,Estimated,2022-05-11,2022-05-13,NA,NA,NA,NA,NA,0,NA,NA
NA,NA,NA,NA,Russell Ranch,RRRR6,1,TRES,NA,NA,2022-04-24,Estimated,6,2022-04-30,6,0,0,0,0,0,6,NA,NA,NA,NA,NA,NA,NA,NA,NA,0,NA,NA
NA,NA,NA,NA,Russell Ranch,RRRR8,1,TRES,NA,NA,2022-04-30,Estimated,5,2022-05-05,3,0,0,0,0,2,3,2022-05-22,Estimated,2022-06-02,2022-06-04,NA,NA,NA,NA,NA,0,NA,NA
NA,NA,NA,NA,Russell Ranch,RRRR8,2,TRES,NA,NA,2022-06-30,Confirmed,1,2022-07-01,0,0,0,0,0,1,0,NA,NA,NA,NA,NA,NA,NA,NA,NA,0,NA,NA
NA,NA,NA,NA,Russell Ranch,RRRR9,1,TRES,NA,NA,2022-04-28,Estimated,5,2022-05-03,5,0,0,0,0,0,5,2022-05-19,Confirmed,2022-05-30,2022-06-01,NA,2,3,0,0,0,NA,NA
NA,NA,NA,NA,Russell Ranch,RRRR9,2,TRES,NA,NA,2022-06-21,Confirmed,1,2022-06-22,0,0,0,0,0,1,0,NA,NA,NA,NA,NA,NA,NA,NA,0,0,NA,NA
HOBO loggers,NA,NA,NA,Mace Blvd,MBNG1,1,WEBL,NA,2941-94458,2023-04-14,Estimated,5,2023-04-19,5,0,0,0,0,0,5,2023-05-02,Estimated,2023-05-15,2023-05-17,2023-05-16,4,1,0,0,0,"2941-94555, 2941-94556, 2941-94557, 2941-94558",NA
NA,NA,NA,NA,Mace Blvd,MBNG10,1,TRES,NA,NA,2023-04-25,Estimated,5,2023-04-30,0,0,5,0,0,0,0,NA,NA,NA,NA,NA,NA,NA,NA,NA,0,NA,NA
HOBO loggers,NA,NA,NA,Mace Blvd,MBNG11,1,TRES,NA,2881-65892,2023-04-21,Estimated,6,2023-04-27,6,0,0,0,0,0,6,2023-05-09,Confirmed,2023-05-20,2023-05-22,2023-05-22,6,0,0,0,0,"2881-65895, 2881-65896, 2881-65897, 2881-65898, 2881-65899, 2881-65900",NA
NA,NA,NA,NA,Mace Blvd,MBNG11,2,TRES,NA,NA,2023-06-23,Estimated,5,2023-06-28,0,0,3,0,0,2,0,NA,NA,NA,NA,NA,NA,NA,NA,0,0,NA,NA
NA,NA,NA,NA,Mace Blvd,MBNG11,3,TRES,NA,NA,2023-07-08,Estimated,4,2023-07-12,0,0,4,0,0,0,0,NA,NA,NA,NA,NA,NA,NA,NA,0,0,NA,NA
NA,NA,NA,NA,Mace Blvd,MBNG12,1,TRES,NA,NA,2023-05-27,Estimated,5,2023-06-01,4,0,0,0,0,1,4,2023-06-04,Estimated,2023-06-15,2023-06-17,NA,NA,NA,NA,NA,0,NA,NA
NA,NA,NA,NA,Mace Blvd,MBNG13,1,TRES,NA,NA,2023-05-07,Estimated,2,2023-05-09,0,0,2,0,0,0,0,NA,NA,NA,NA,NA,NA,NA,NA,NA,0,NA,NA
HOBO loggers,NA,NA,NA,Mace Blvd,MBNG14,1,WEBL,2941-94585,2941-94436,2023-05-27,Estimated,5,2023-06-01,5,0,0,0,0,0,5,2023-06-08,Estimated,2023-06-21,2023-06-23,2023-06-23,NA,NA,NA,NA,0,"2941-94596, 2941-94597, 2941-94598, 2941-94599, 2941-94600",NA
NA,NA,NA,NA,Mace Blvd,MBNG23,1,TRES,NA,NA,2023-04-25,Estimated,5,2023-04-30,0,0,5,0,0,0,0,NA,NA,NA,NA,NA,NA,NA,NA,NA,0,NA,NA
NA,NA,NA,NA,Mace Blvd,MBNG23,2,TRES,NA,NA,2023-06-25,Estimated,3,2023-06-28,0,0,3,0,0,0,0,NA,NA,NA,NA,NA,NA,NA,NA,NA,0,NA,NA
NA,NA,NA,NA,Mace Blvd,MBNG24,1,Mystery,NA,NA,2023-04-08,Estimated,5,2023-04-13,5,0,0,0,0,0,5,NA,NA,NA,NA,NA,NA,NA,NA,NA,0,NA,NA
NA,NA,NA,NA,Mace Blvd,MBNG25,1,TRES,NA,NA,2023-04-15,Estimated,5,2023-04-20,5,0,0,0,0,0,5,2023-05-04,Estimated,2023-05-15,2023-05-17,NA,NA,NA,NA,NA,0,NA,NA
NA,NA,NA,NA,Mace Blvd,MBNG28,1,TRES,NA,NA,2023-05-02,Estimated,6,2023-05-08,0,0,6,0,0,0,0,NA,NA,NA,NA,NA,NA,NA,NA,NA,0,NA,NA
NA,NA,NA,NA,Mace Blvd,MBNG3,1,WEBL,NA,NA,2023-05-04,Confirmed,5,2023-05-09,0,0,5,0,0,0,0,NA,NA,NA,NA,NA,NA,NA,NA,NA,0,NA,NA
HOBO loggers,NA,NA,NA,Mace Blvd,MBNG5,1,WEBL,NA,2941-94584,2023-05-27,Estimated,5,2023-06-01,5,0,0,0,0,0,5,2023-06-05,Estimated,2023-06-18,2023-06-20,2023-06-20,5,0,0,0,0,"2941-94591, 2941-94592, 2941-94593, 2941-94594, 2941-94595",NA
NA,NA,NA,NA,Mace Blvd,MBNG6,1,TRES,NA,NA,2023-04-29,Estimated,5,2023-05-04,0,0,5,0,0,0,0,NA,NA,NA,NA,NA,NA,NA,NA,0,0,NA,NA
HOBO loggers,NA,NA,NA,Mace Blvd,MBNG6,2,TRES,2881-6586,2881-65931,2023-06-11,Estimated,4,2023-06-15,4,0,0,0,0,0,4,2023-06-29,Estimated,2023-07-10,2023-07-12,2023-07-12,3,1,0,0,0,2881-65940,NA
NA,NA,NA,NA,Mace Blvd,MBNG7,1,TRES,NA,NA,2023-05-05,Estimated,4,2023-05-09,0,0,4,0,0,0,0,NA,NA,NA,NA,NA,NA,NA,NA,NA,0,NA,NA
NA,NA,NA,NA,Mace Blvd,MBNG8,1,TRES,NA,NA,2023-04-27,Confirmed,6,2023-05-03,0,0,6,0,0,0,0,NA,NA,NA,NA,NA,NA,NA,NA,NA,0,NA,NA
NA,NA,NA,NA,Mace Blvd,MBNG9,1,TRES,NA,NA,2023-04-22,Estimated,5,2023-04-27,5,0,0,0,0,0,5,2023-05-06,Estimated,2023-05-17,2023-05-19,NA,NA,NA,NA,NA,0,NA,NA
HOBO loggers,NA,NA,NA,Mace Blvd,MBNG9,2,TRES,NA,2881-65802,2023-06-25,Estimated,3,2023-06-28,3,0,0,0,0,0,3,2023-06-30,Estimated,2023-07-11,2023-07-13,2023-07-12,NA,NA,NA,NA,0,2881-65943,NA
NA,NA,NA,NA,Mace Blvd,MBNR1,1,ATFL,NA,NA,2023-05-19,Confirmed,5,2023-05-24,3,2,0,0,0,0,3,NA,NA,NA,NA,NA,NA,NA,NA,NA,0,NA,NA
NA,NA,NA,NA,Mace Blvd,MBNR10,1,WEBL,NA,NA,2023-05-01,Estimated,6,2023-05-07,0,0,0,0,0,6,0,NA,NA,NA,NA,NA,NA,NA,NA,NA,0,NA,NA
HOBO loggers,NA,NA,NA,Mace Blvd,MBNR2,1,WEBL,2941-18795,2941-94509,2023-04-23,Estimated,6,2023-04-29,5,0,0,0,0,1,5,2023-05-07,Estimated,2023-05-20,2023-05-22,2023-05-22,NA,NA,NA,0,0,"2941-94566, 2941-94567, 2941-94568, 2941-94569, 2941-94570",NA
NA,NA,NA,NA,Mace Blvd,MBNR2,2,WEBL,NA,NA,2023-05-16,Confirmed,6,2023-05-22,5,1,0,0,0,0,5,NA,NA,NA,NA,NA,NA,NA,NA,0,0,NA,NA
NA,NA,NA,NA,Mace Blvd,MBNR2,3,WEBL,NA,NA,2023-05-22,Confirmed,5,2023-05-27,5,0,0,0,0,0,5,NA,NA,NA,NA,NA,NA,NA,NA,0,0,NA,NA
HOBO loggers,NA,NA,NA,Mace Blvd,MBNR2,4,TRES,NA,2881-65914,2023-06-10,Estimated,5,2023-06-15,4,0,0,0,0,1,4,2023-06-22,Estimated,2023-07-03,2023-07-05,2023-07-04,4,0,0,0,0,"2881-65927, 2881-65928, 2881-65929, 2881-65930",NA
NA,NA,NA,NA,Mace Blvd,MBNR3,1,TRES,NA,NA,2023-04-28,Estimated,6,2023-05-04,0,0,0,0,0,6,0,NA,NA,NA,NA,NA,NA,NA,NA,NA,0,NA,NA
NA,NA,NA,NA,Mace Blvd,MBNR4,1,WEBL,NA,NA,2023-04-23,Estimated,5,2023-04-28,4,0,0,0,0,1,4,2023-05-11,Estimated,2023-05-24,2023-05-26,NA,NA,NA,NA,NA,0,NA,NA
NA,NA,NA,NA,Mace Blvd,MBNR4,2,WEBL,NA,NA,2023-07-29,Estimated,4,2023-08-02,0,0,4,0,0,0,0,NA,NA,NA,NA,NA,NA,NA,NA,NA,0,NA,NA
NA,NA,NA,NA,Mace Blvd,MBNR5,1,TRES,NA,NA,2023-04-22,Estimated,6,2023-04-28,6,0,0,0,0,0,6,2023-05-11,Estimated,2023-05-22,2023-05-24,NA,NA,NA,NA,NA,0,NA,NA
NA,NA,NA,NA,Mace Blvd,MBNR5,2,TRES,NA,NA,2023-06-23,Estimated,5,2023-06-28,0,0,5,0,0,0,0,NA,NA,NA,NA,NA,NA,NA,NA,NA,0,NA,NA
NA,NA,NA,NA,Mace Blvd,MBNR6,1,WEBL,NA,NA,2023-05-07,Estimated,5,2023-05-12,5,0,0,0,0,0,5,2023-05-27,Estimated,2023-06-09,2023-06-11,NA,NA,NA,NA,NA,0,NA,NA
NA,NA,NA,NA,Mace Blvd,MBNR6,2,TRES,NA,NA,2023-06-19,Estimated,5,2023-06-24,0,0,5,0,0,0,0,NA,NA,NA,NA,NA,NA,NA,NA,NA,0,NA,NA
NA,NA,NA,NA,Mace Blvd,MBNR7,1,TRES,NA,NA,2023-04-21,Estimated,6,2023-04-27,0,0,0,0,0,6,0,NA,NA,NA,NA,NA,NA,NA,NA,NA,0,NA,NA
NA,NA,NA,NA,Mace Blvd,MBNR7,2,TRES,NA,NA,2023-05-13,Estimated,6,2023-05-19,5,1,0,0,0,0,5,2023-05-30,Estimated,2023-06-10,2023-06-12,NA,NA,NA,NA,NA,0,NA,NA
NA,NA,NA,NA,Picnic Grounds,PICG1,1,WEBL,NA,NA,2023-05-07,Estimated,4,2023-05-11,0,0,4,0,0,0,0,NA,NA,NA,NA,NA,NA,NA,NA,NA,0,NA,NA
NA,NA,NA,NA,Picnic Grounds,PICG10,1,TRES,NA,NA,2023-04-21,Estimated,5,2023-04-26,4,1,0,0,0,0,4,2023-05-09,Estimated,2023-05-20,2023-05-22,NA,NA,NA,NA,NA,0,NA,NA
HOBO loggers,NA,NA,NA,Picnic Grounds,PICG2,1,TRES,NA,2881-65893,2023-04-25,Confirmed,4,2023-04-29,4,0,0,0,0,0,4,2023-05-11,Estimated,2023-05-22,2023-05-24,2023-05-23,4,0,0,0,0,"2881-65901, 2881-65902, 2881-65903, 2881-65904",NA
HOBO loggers,NA,NA,NA,Picnic Grounds,PICG2,2,TRES,NA,2881-65921,2023-06-20,Estimated,4,2023-06-24,4,0,0,0,0,0,4,2023-06-27,Estimated,2023-07-08,2023-07-10,2023-07-10,NA,NA,NA,0,0,"2881-65932, 2881-65933, 2881-65934, 2881-65935",NA
NA,NA,NA,NA,Picnic Grounds,PICG3,1,WEBL,NA,NA,2023-05-08,Estimated,3,2023-05-11,0,0,3,0,0,0,0,NA,NA,NA,NA,NA,NA,NA,NA,NA,0,NA,NA
NA,NA,NA,NA,Picnic Grounds,PICG4,1,TRES,NA,NA,2023-04-21,Estimated,6,2023-04-27,5,1,0,0,0,0,5,NA,NA,NA,NA,NA,NA,NA,NA,0,0,NA,NA
NA,NA,NA,NA,Picnic Grounds,PICG4,2,TRES,NA,NA,2023-06-08,Estimated,5,2023-06-13,5,0,0,0,0,0,5,2023-06-22,Estimated,2023-07-03,2023-07-05,NA,3,2,0,0,0,NA,NA
NA,NA,NA,NA,Picnic Grounds,PICG6,1,TRES,NA,NA,2023-04-25,Confirmed,6,2023-05-01,0,0,6,0,0,0,0,NA,NA,NA,NA,NA,NA,NA,NA,NA,0,NA,NA
NA,NA,NA,NA,Picnic Grounds,PICG6,2,TRES,NA,NA,2023-06-10,Estimated,3,2023-06-13,0,0,3,0,0,0,0,NA,NA,NA,NA,NA,NA,NA,NA,NA,0,NA,NA
HOBO loggers,NA,NA,NA,Picnic Grounds,PICG7,1,WEBL,NA,2941-94560,2023-04-27,Estimated,6,2023-05-03,6,0,0,0,0,0,6,2023-05-16,Estimated,2023-05-29,2023-05-31,2023-05-30,4,2,0,0,0,"2941-94578, 2941-94579, 2941-94580, 2941-94581",NA
NA,NA,NA,NA,Picnic Grounds,PICG8,1,TRES,NA,NA,2023-04-25,Confirmed,6,2023-05-01,0,0,6,0,0,0,0,NA,NA,NA,NA,NA,NA,NA,NA,NA,0,NA,NA
NA,NA,NA,NA,Picnic Grounds,PICG9,1,TRES,NA,NA,2023-04-27,Estimated,5,2023-05-02,0,0,5,0,0,0,0,NA,NA,NA,NA,NA,NA,NA,NA,NA,0,NA,NA
NA,NA,NA,NA,Picnic Grounds,PICO1,1,WEBL,NA,NA,2023-04-04,Confirmed,5,2023-04-09,3,0,0,0,0,2,3,2023-04-22,Estimated,2023-05-05,2023-05-07,NA,NA,NA,NA,0,0,NA,NA
HOBO loggers,NA,NA,NA,Picnic Grounds,PICO1,2,WEBL,NA,2941-94401,2023-05-26,Estimated,6,2023-06-01,5,0,0,0,0,1,5,2023-06-03,Estimated,2023-06-16,2023-06-18,2023-06-15,3,2,0,0,0,"2941-94586, 2941-94587, 2941-94588, 2941-94589",NA
HOBO loggers,NA,NA,NA,Picnic Grounds,PICO11,1,WEBL,NA,2941-94590,2023-05-29,Estimated,5,2023-06-03,5,0,0,0,0,0,5,2023-06-16,Estimated,2023-06-29,2023-07-01,2023-06-29,5,0,0,0,0,"2941-94701, 2941-94702, 2941-94703, 2941-94704",NA
NA,NA,NA,NA,Picnic Grounds,PICO12,1,WEBL,NA,NA,2023-04-29,Estimated,3,2023-05-02,0,0,0,0,0,3,0,NA,NA,NA,NA,NA,NA,NA,NA,NA,0,NA,NA
NA,NA,NA,NA,Picnic Grounds,PICO13,1,WEBL,NA,NA,2023-06-25,Estimated,4,2023-06-29,4,0,0,0,0,0,4,2023-07-10,Estimated,2023-07-23,2023-07-25,NA,2,2,0,0,0,NA,NA
NA,NA,NA,NA,Picnic Grounds,PICO2,1,TRES,NA,NA,2023-04-29,Estimated,5,2023-05-04,0,0,NA,0,0,NA,0,NA,NA,NA,NA,NA,NA,NA,NA,NA,0,NA,NA
NA,NA,NA,NA,Picnic Grounds,PICO2,2,WEBL,NA,NA,2023-06-25,Estimated,4,2023-06-29,0,0,4,0,0,0,0,NA,NA,NA,NA,NA,NA,NA,NA,NA,0,NA,NA
HOBO loggers,NA,NA,NA,Picnic Grounds,PICO3,1,WEBL,NA,2881-17944,2023-04-22,Estimated,6,2023-04-28,4,0,0,0,0,2,4,2023-05-18,Confirmed,2023-05-31,2023-06-02,2023-05-30,4,0,0,0,0,"2881-65908, 2881-65909, 2881-65910, 2881-65911",NA
NA,NA,NA,NA,Picnic Grounds,PICO4,1,WEBL,NA,NA,2023-04-28,Estimated,4,2023-05-02,2,2,0,0,0,0,2,2023-05-17,Estimated,2023-05-30,2023-06-01,NA,NA,NA,NA,NA,0,NA,NA
NA,NA,NA,NA,Picnic Grounds,PICO5,1,WEBL,NA,NA,2023-04-02,Estimated,6,2023-04-08,6,0,0,0,0,0,6,2023-04-24,Estimated,2023-05-07,2023-05-09,NA,NA,NA,NA,NA,0,NA,NA
NA,NA,NA,NA,Picnic Grounds,PICO5,2,WEBL,NA,NA,2023-05-27,Estimated,5,2023-06-01,0,0,0,0,0,5,0,NA,NA,NA,NA,NA,NA,NA,NA,NA,0,NA,NA
NA,NA,NA,NA,Picnic Grounds,PICO6,1,WEBL,NA,NA,2023-04-22,Estimated,3,2023-04-25,0,0,0,0,0,3,0,NA,NA,NA,NA,NA,NA,NA,NA,NA,0,NA,NA
NA,NA,NA,NA,Picnic Grounds,PICO6,2,WEBL,NA,NA,2023-04-26,Estimated,6,2023-05-02,5,1,0,0,0,0,5,2023-05-10,Estimated,2023-05-23,2023-05-25,NA,NA,NA,NA,NA,0,NA,NA
NA,NA,NA,NA,Picnic Grounds,PICO6,3,WEBL,NA,NA,2023-06-11,Estimated,5,2023-06-16,0,0,0,0,0,5,0,NA,NA,NA,NA,NA,NA,NA,NA,NA,0,NA,NA
NA,NA,NA,NA,Picnic Grounds,PICO7,1,WEBL,NA,NA,2023-04-14,Estimated,4,2023-04-18,0,0,0,0,0,4,0,NA,NA,NA,NA,NA,NA,NA,NA,NA,0,NA,NA
HOBO loggers,NA,NA,NA,Picnic Grounds,PICR1,1,WEBL,NA,2941-94554,2023-04-27,Estimated,5,2023-05-02,3,2,0,0,0,0,3,2023-05-15,Estimated,2023-05-28,2023-05-30,2023-05-30,NA,NA,NA,0,0,"2941-94573, 2941-94574, 2941-94575, 2941-94576, 2941-94577",NA
HOBO loggers,NA,NA,NA,Picnic Grounds,PICR1,2,TRES,NA,2881-65920,2023-06-11,Estimated,5,2023-06-16,4,0,0,0,0,1,4,2023-06-29,Confirmed,2023-07-10,2023-07-12,2023-07-11,4,0,0,0,0,"2881-65936, 2881-65937, 2881-65938, 2881-65939",NA
HOBO loggers,NA,NA,NA,Picnic Grounds,PICR10,1,WEBL,NA,2941-94553,2023-04-18,Confirmed,5,2023-04-23,5,0,0,0,0,0,5,2023-05-06,Estimated,2023-05-19,2023-05-21,2023-05-20,4,1,0,0,0,"2941-94561, 2941-94562, 2941-94563, 2941-94564, 2941-94565",NA
NA,NA,NA,NA,Picnic Grounds,PICR2,1,TRES,NA,NA,2023-05-06,Estimated,6,2023-05-12,6,0,0,0,0,0,6,NA,NA,NA,NA,NA,NA,NA,NA,NA,0,NA,NA
NA,NA,NA,NA,Picnic Grounds,PICR3,1,TRES,NA,NA,2023-05-27,Estimated,5,2023-06-01,4,0,0,0,0,1,4,2023-06-06,Confirmed,2023-06-17,2023-06-19,NA,NA,NA,NA,NA,0,NA,NA
NA,NA,NA,NA,Picnic Grounds,PICR4,1,WEBL,NA,NA,2023-04-29,Estimated,6,2023-05-05,5,0,0,0,0,1,5,NA,NA,NA,NA,NA,NA,NA,NA,NA,0,NA,NA
NA,NA,NA,NA,Picnic Grounds,PICR4,2,WEBL,NA,NA,2023-06-25,Estimated,5,2023-06-30,0,0,5,0,0,0,0,NA,NA,NA,NA,NA,NA,NA,NA,NA,0,NA,NA
NA,NA,NA,NA,Picnic Grounds,PICR5,1,TRES,NA,NA,2023-05-06,Estimated,6,2023-05-12,4,2,0,0,0,0,4,NA,NA,NA,NA,NA,NA,NA,NA,NA,0,NA,NA
NA,NA,NA,NA,Picnic Grounds,PICR6,1,TRES,NA,NA,2023-05-07,Estimated,6,2023-05-13,6,0,0,0,0,0,6,NA,NA,NA,NA,NA,NA,NA,NA,NA,0,NA,NA
NA,NA,NA,NA,Picnic Grounds,PICR7,1,WEBL,NA,NA,2023-05-02,Confirmed,5,2023-05-07,5,0,0,0,0,0,5,NA,NA,NA,NA,NA,NA,NA,NA,NA,0,NA,NA
NA,NA,NA,NA,Russell Ranch,RRRG39,1,ATFL,NA,NA,2023-05-20,Estimated,5,2023-05-25,0,0,5,0,0,0,0,NA,NA,NA,NA,NA,NA,NA,NA,NA,0,NA,NA
NA,NA,NA,NA,Russell Ranch,RRRG5,1,WEBL,NA,NA,2023-05-07,Estimated,4,2023-05-11,0,0,4,0,0,0,0,NA,NA,NA,NA,NA,NA,NA,NA,NA,0,NA,NA
NA,NA,NA,NA,Russell Ranch,RRRG50,1,TRES,NA,NA,2023-05-09,Estimated,2,2023-05-11,0,0,1,0,0,1,0,NA,NA,NA,NA,NA,NA,NA,NA,NA,0,NA,NA
NA,NA,NA,NA,Russell Ranch,RRRG50,2,WEBL,NA,NA,2023-06-19,Estimated,3,2023-06-22,1,0,0,0,0,2,1,NA,NA,NA,NA,NA,NA,NA,NA,NA,0,NA,NA
NA,NA,NA,NA,Russell Ranch,RRRG50,3,WEBL,NA,NA,2023-08-01,Estimated,2,2023-08-03,0,0,2,0,0,0,0,NA,NA,NA,NA,NA,NA,NA,NA,NA,0,NA,NA
NA,NA,NA,NA,Russell Ranch,RRRG51,1,TRES,NA,NA,2023-04-22,Estimated,3,2023-04-25,0,0,0,0,0,3,0,NA,NA,NA,NA,NA,NA,NA,NA,NA,0,NA,NA
NA,NA,NA,NA,Russell Ranch,RRRG51,2,TRES,NA,NA,2023-05-22,Estimated,3,2023-05-25,0,0,3,0,0,0,0,NA,NA,NA,NA,NA,NA,NA,NA,NA,0,NA,NA
NA,NA,NA,NA,Russell Ranch,RRRG52,1,WEBL,NA,NA,2023-05-11,Confirmed,2,2023-05-13,0,0,2,0,0,0,0,NA,NA,NA,NA,NA,NA,NA,NA,NA,0,NA,NA
NA,NA,NA,NA,Russell Ranch,RRRG53,1,TRES,NA,NA,2023-05-07,Estimated,4,2023-05-11,0,0,4,0,0,0,0,NA,NA,NA,NA,NA,NA,NA,NA,NA,0,NA,NA
NA,NA,NA,NA,Russell Ranch,RRRG54,1,TRES,NA,NA,2023-05-09,Estimated,2,2023-05-11,0,0,2,0,0,0,0,NA,NA,NA,NA,NA,NA,NA,NA,NA,0,NA,NA
NA,NA,NA,NA,Russell Ranch,RRRG55,1,ATFL,NA,NA,2023-05-21,Estimated,4,2023-05-25,0,0,0,0,0,4,0,NA,NA,NA,NA,NA,NA,NA,NA,NA,0,NA,NA
NA,NA,NA,NA,Russell Ranch,RRRG56,1,TRES,NA,NA,2023-04-27,Estimated,5,2023-05-02,0,0,5,0,0,0,0,NA,NA,NA,NA,NA,NA,NA,NA,NA,0,NA,NA
NA,NA,NA,NA,Russell Ranch,RRRG58,1,WEBL,NA,NA,2023-04-30,Estimated,2,2023-05-02,0,0,0,0,0,2,0,NA,NA,NA,NA,NA,NA,NA,NA,NA,0,NA,NA
NA,NA,NA,NA,Russell Ranch,RRRG59,1,TRES,NA,NA,2023-05-02,Confirmed,2,2023-05-04,0,0,2,0,0,0,0,NA,NA,NA,NA,NA,NA,NA,NA,NA,0,NA,NA
NA,NA,NA,NA,Russell Ranch,RRRG60,1,WEBL,NA,NA,2023-05-09,Estimated,2,2023-05-11,0,0,2,0,0,0,0,NA,NA,NA,NA,NA,NA,NA,NA,NA,0,NA,NA
NA,NA,NA,NA,Russell Ranch,RRRG61,1,WEBL,NA,NA,2023-06-01,Estimated,5,2023-06-06,1,1,0,0,0,3,1,NA,NA,NA,NA,NA,NA,NA,NA,NA,0,NA,NA
NA,NA,NA,NA,Russell Ranch,RRRR1,1,WEBL,NA,NA,2023-05-07,Estimated,4,2023-05-11,0,0,4,0,0,0,0,NA,NA,NA,NA,NA,NA,NA,NA,NA,0,NA,NA
NA,NA,NA,NA,Russell Ranch,RRRR10,1,TRES,NA,NA,2023-04-25,Confirmed,5,2023-04-30,0,0,0,0,0,5,0,NA,NA,NA,NA,NA,NA,NA,NA,NA,0,NA,NA
NA,NA,NA,NA,Russell Ranch,RRRR3,1,WEBL,NA,NA,2023-04-27,Estimated,5,2023-05-02,0,0,0,0,0,5,0,NA,NA,NA,NA,NA,NA,NA,NA,0,0,NA,NA
HOBO loggers,NA,NA,NA,Russell Ranch,RRRR3,2,WEBL,NA,2941-94705,2023-06-18,Estimated,5,2023-06-23,3,0,0,0,0,2,3,2023-07-02,Estimated,2023-07-15,2023-07-17,2023-07-13,0,0,3,0,0,"2941-94712, 2941-94713, 2941-94714",NA
NA,NA,NA,NA,Russell Ranch,RRRR5,1,WEBL,NA,NA,2023-04-30,Estimated,5,2023-05-05,0,0,5,0,0,0,0,NA,NA,NA,NA,NA,NA,NA,NA,NA,0,NA,NA
NA,NA,NA,NA,Russell Ranch,RRRR53,1,TRES,NA,NA,2023-05-19,Estimated,6,2023-05-25,0,0,6,0,0,0,0,NA,NA,NA,NA,NA,NA,NA,NA,NA,0,NA,NA
HOBO loggers,NA,NA,NA,Russell Ranch,RRRR6,1,TRES,NA,2881-65894,2023-04-25,Confirmed,4,2023-04-29,3,1,0,0,0,0,3,2023-05-13,Estimated,2023-05-24,2023-05-26,2023-05-25,3,0,0,0,0,"2881-65905, 2881-65906, 2881-65907",NA
HOBO loggers,NA,NA,NA,Russell Ranch,RRRR7,1,TRES,NA,2881-65912,2023-06-02,Estimated,6,2023-06-08,5,1,0,0,0,0,5,2023-06-14,Estimated,2023-06-25,2023-06-27,2023-06-27,5,0,0,0,0,"2881-65915, 2881-65916, 2881-65917, 2881-65918, 2881-65919",NA
NA,NA,NA,NA,Russell Ranch,RRRR8,1,WEBL,NA,NA,2023-05-06,Estimated,5,2023-05-11,5,0,0,0,0,0,5,2023-05-18,Estimated,2023-05-31,2023-06-02,NA,NA,NA,NA,0,0,NA,NA
HOBO loggers,NA,NA,NA,Russell Ranch,RRRR8,2,WEBL,NA,NA,2023-06-17,Estimated,5,2023-06-22,5,0,0,0,0,0,5,2023-06-30,Estimated,2023-07-13,2023-07-15,2023-07-13,3,2,0,0,0,"2941-94708, 2941-94709, 2941-94710, 2941-94711",NA
NA,NA,NA,NA,Russell Ranch,RRRR9,1,WEBL,NA,NA,2023-05-07,Estimated,4,2023-05-11,0,0,4,0,0,0,0,NA,NA,NA,NA,NA,NA,NA,NA,NA,0,NA,NA
