date.x,plate,assay_format,species,blood_num,r1_s1,r1_s2,r2_s1,r2_s2,mean_s1,mean_s2,d_s1,d_s2,blood_num_mother,brood_size,cort_s1_mother,cort_s2_mother,Species,Nestbox,year,habitat,canopy_cover,site,attempt_id,date.y,juliandate,ind_id,band_number,occasion,Age,age,Sex,meanh,meanmaxtempI,condition,weight,wing,tail,skull,bill,tarsus,gweight,gwing,gtail,gskull,gbill,gtarsus
2023-09-06,A03,50,WEBL,B521,6.188,34.79,5.609,35.64,5.8985,35.215,0.5789999999999997,0.8500000000000014,B521,4,5.8985,35.215,WEBL,PCC5,2023,Forest,81.963,PG,2023_PCC5_1,2023-06-29,180,3181-01209,3181-01209,1,AHY,3,F,63.311137152777775,28.8740625,1.375,28.6,97,61,37.4,8.5,20.8,NA,NA,NA,NA,NA,NA
2023-09-06,A03,50,WEBL,B522,3.035,15.13,4.047,16.14,3.541,15.635000000000002,1.0119999999999996,1.0099999999999998,B522,1,1.2974999999999999,NA,WEBL,PCC8,2023,Forest,69.092,PG,2023_PCC8_2,2023-06-29,180,3181-01210,3181-01210,1,AHY,4,F,63.311137152777775,29.322062499999998,1.203883495145631,24.8,97,63,35.5,8.3,20.6,NA,NA,NA,NA,NA,NA
2023-09-06,A03,50,WEBL,B488,1.223,30.74,1.515,29.33,1.369,30.034999999999997,0.2919999999999998,1.4100000000000001,B488,5,3.0505,NA,WEBL,MBNG14,2023,Grassland,25.25,MB,2023_MBNG14_1,2023-06-15,166,2941-94436,2941-94436,1,AHY,6,F,NA,29.998375,1.2047619047619047,25.3,102,62,36.4,8.9,21,NA,NA,NA,NA,NA,NA
2023-09-06,A04,50,WEBL,B568,1.112,NA,3.422,NA,2.2670000000000003,NA,2.31,NA,B568,2,2.2670000000000003,NA,WEBL,SFP1,2023,Forest,55.961,MB,2023_SFP1_1,2023-07-12,193,3181-01214,3181-01214,1,AHY,4,F,63.98017361111111,29.28985714285714,1.3028846153846154,27.1,96,57,35.6,9,20.8,NA,NA,NA,NA,NA,NA
2023-09-06,A04,50,WEBL,B500,NA,40.19,NA,41.34,NA,40.765,NA,1.1500000000000057,B500,5,6.327500000000001,NA,WEBL,PICO11,2023,Orchard,77.01599999999999,PG,2023_PICO11_1,2023-06-20,171,2941-94590,2941-94590,1,AHY,4,F,56.16552083333333,30.0125,1.2315270935960592,25,99,59,35.5,9.2,20.3,NA,NA,NA,NA,NA,NA
2023-09-07,A05,250,WEBL,B522,1.425,NA,1.17,NA,1.2974999999999999,NA,0.2550000000000001,NA,B522,1,1.2974999999999999,NA,WEBL,PCC8,2023,Forest,69.092,PG,2023_PCC8_2,2023-06-29,180,3181-01210,3181-01210,1,AHY,4,F,63.311137152777775,29.322062499999998,1.203883495145631,24.8,97,63,35.5,8.3,20.6,NA,NA,NA,NA,NA,NA
2023-09-07,A05,100,WEBL,B488,2.516,NA,3.585,NA,3.0505,NA,1.069,NA,B488,5,3.0505,NA,WEBL,MBNG14,2023,Grassland,25.25,MB,2023_MBNG14_1,2023-06-15,166,2941-94436,2941-94436,1,AHY,6,F,NA,29.998375,1.2047619047619047,25.3,102,62,36.4,8.9,21,NA,NA,NA,NA,NA,NA
2023-09-07,A05,100,WEBL,B500,6.69,NA,5.965,NA,6.327500000000001,NA,0.7250000000000005,NA,B500,5,6.327500000000001,NA,WEBL,PICO11,2023,Orchard,77.01599999999999,PG,2023_PICO11_1,2023-06-20,171,2941-94590,2941-94590,1,AHY,4,F,56.16552083333333,30.0125,1.2315270935960592,25,99,59,35.5,9.2,20.3,NA,NA,NA,NA,NA,NA
2023-09-12,A06,100,WEBL,B048,4.47,26.69,4.583,27.58,4.5265,27.134999999999998,0.11300000000000043,0.889999999999997,B048,5,4.5265,27.134999999999998,WEBL,MBNR1,2022,Row crop,3.882000000000005,MB,2022_MBNR1_1,2022-05-04,124,2941-94509,2941-94509,1,AHY,NA,F,44.16358072916667,31.8373125,1.2786069651741292,25.7,102,59,35.7,7.7,20.1,NA,NA,NA,NA,NA,NA
2023-09-12,A06,100,WEBL,B049,5.45,10.63,5.369,7.18,5.4094999999999995,8.905000000000001,0.0810000000000004,3.450000000000001,B049,6,5.4094999999999995,8.905000000000001,WEBL,RRC9,2022,Forest,57.011,RR,2022_RRC9_1,2022-05-04,124,2941-94510,2941-94510,1,AHY,NA,F,NA,27.5,1.9069767441860466,41,108,63,36.3,8.2,21.5,NA,NA,NA,NA,NA,NA
2023-09-12,A07,100,WEBL,B079,14.98,51.46,17.57,57.72,16.275,54.59,2.59,6.259999999999998,B079,6,16.275,54.59,WEBL,PCC6,2022,Forest,NA,PG,2022_PCC6_1,2022-05-09,129,2941-18498,2941-18498,1,AHY,11,F,51.43942274305556,24.581249999999997,1.1469194312796207,24.2,101,59,36,7.7,21.1,NA,NA,NA,NA,NA,NA
2023-09-12,A07,100,WEBL,B080,7.028,52.6,7.493,60.92,7.2605,56.760000000000005,0.46500000000000075,8.32,B080,3,7.2605,56.760000000000005,WEBL,RRRR1,2022,Row crop,NA,RR,2022_RRRR1_1,2022-05-09,129,2941-18499,2941-18499,1,AHY,3,F,46.5883645734784,24.714285714285715,1.2871287128712872,26,100,60,36,7.9,20.2,NA,NA,NA,NA,NA,NA
2023-09-12,A07,100,WEBL,B001,6.658,26.61,5.282,28.55,5.970000000000001,27.58,1.3760000000000003,1.9400000000000013,B001,3,5.970000000000001,27.58,WEBL,PICO4,2022,Orchard,85.614,PG,2022_PICO4_1,2022-04-12,102,2941-94401,2941-94401,1,AHY,NA,F,NA,25.907687499999998,1.1218274111675128,22.1,97,59,35.2,8,19.7,NA,NA,NA,NA,NA,NA
2023-09-12,A07,100,WEBL,B002,5.391,26.06,3.77,24.18,4.5805,25.119999999999997,1.621,1.879999999999999,B002,5,4.5805,25.119999999999997,WEBL,PICO1,2022,Orchard,13.245000000000005,PG,2022_PICO1_1,2022-04-12,102,2941-94402,2941-94402,1,AHY,4,F,NA,26.074625,1.1624365482233503,22.9,95,55,35.8,8.4,19.7,NA,NA,NA,NA,NA,NA
2023-09-12,A07,100,WEBL,B003,6.299,20.43,5.21,18.12,5.7545,19.275,1.0890000000000004,2.3099999999999987,B003,3,5.7545,19.275,WEBL,PICO3,2022,Orchard,89.518,PG,2022_PICO3_1,2022-04-12,102,2941-94403,2941-94403,1,AHY,6,F,NA,28.0333125,1.2512315270935959,25.4,100,61,36,8.6,20.3,NA,NA,NA,NA,NA,NA
2023-09-12,A07,100,WEBL,B004,4.152,11.93,4.023,10.19,4.0875,11.059999999999999,0.12900000000000045,1.7400000000000002,B004,4,4.0875,11.059999999999999,WEBL,MBNG22,2022,Grassland,0,MB,2022_MBNG22_1,2022-04-22,112,2941-94404,2941-94404,1,AHY,NA,F,67.81025173611111,NA,1.3649289099526065,28.8,101,56,37.2,9.4,21.1,NA,NA,NA,NA,NA,NA
2023-09-12,A07,100,WEBL,B005,8.897,67.71,7.754,79.64,8.3255,73.675,1.1430000000000007,11.930000000000007,B005,4,8.3255,73.675,WEBL,MBNG21,2022,Grassland,NA,MB,2022_MBNG21_1,2022-04-22,112,2941-94405,2941-94405,1,AHY,NA,F,67.81025173611111,NA,1.1692307692307693,22.8,98,56,34.3,8.1,19.5,NA,NA,NA,NA,NA,NA
2023-09-12,A07,100,WEBL,B006,8.292,NA,6.739,NA,7.515499999999999,NA,1.553,NA,B006,5,NA,20.78,WEBL,MBNC15,2022,Forest,33.021,MB,2022_MBNC15_1,2022-04-22,112,2941-18467,2941-18467,1,AHY,NA,F,67.58025173611111,NA,1.325,26.5,100,54,35.8,7.7,20,NA,NA,NA,NA,NA,NA
2023-09-13,A08,100,WEBL,B006,NA,19.94,NA,21.62,NA,20.78,NA,1.6799999999999997,B006,5,NA,20.78,WEBL,MBNC15,2022,Forest,33.021,MB,2022_MBNC15_1,2022-04-22,112,2941-18467,2941-18467,1,AHY,NA,F,67.58025173611111,NA,1.325,26.5,100,54,35.8,7.7,20,NA,NA,NA,NA,NA,NA
2023-09-13,A08,100,WEBL,B023,NA,37,NA,38.22,NA,37.61,NA,1.2199999999999989,B023,5,NA,37.61,WEBL,MBNG14,2022,Grassland,0,MB,2022_MBNG14_1,2022-04-27,117,2941-94406,2941-94406,1,AHY,NA,F,63.39577690972222,25.857562499999997,1.3762376237623763,27.8,97,58,36.9,8.4,20.2,NA,NA,NA,NA,NA,NA
2023-09-13,A08,100,WEBL,B028,5.593,50.12,4.361,52.86,4.977,51.489999999999995,1.2320000000000002,2.740000000000002,B028,4,4.977,51.489999999999995,WEBL,MBNC13,2022,Forest,71.776,MB,2022_MBNC13_1,2022-04-27,117,2941-18469,2941-18469,1,AHY,1,F,62.354605034722226,24.2629375,1.3217821782178218,26.7,95,61,36.8,8.6,20.2,NA,NA,NA,NA,NA,NA
2023-09-13,A08,100,WEBL,B033,7.623,30.29,6.056,28.11,6.8395,29.2,1.5670000000000002,2.1799999999999997,B033,5,6.8395,29.2,WEBL,PICO8,2022,Orchard,26.104,PG,2022_PICO8_1,2022-04-27,117,2941-94411,2941-94411,1,AHY,NA,F,NA,25.5,1.288557213930348,25.9,101,61,35,8.6,20.1,NA,NA,NA,NA,NA,NA
2023-09-13,A09,100,WEBL,B042,2.332,32.76,3.736,32.34,3.034,32.55,1.4040000000000004,0.4199999999999946,B042,5,3.034,32.55,WEBL,PICO9,2022,Orchard,19.201999999999998,PG,2022_PICO9_1,2022-04-28,118,2941-94412,2941-94412,1,AHY,2,F,NA,27.285714285714285,1.1390134529147982,25.4,96,57,35.5,9.1,22.3,NA,NA,NA,NA,NA,NA
2023-09-27,A19,100,WEBL,B376,10.51,NA,NA,NA,10.51,NA,NA,NA,B376,4,10.51,NA,TRES,PICG2,2023,Grassland,15.870999999999995,PG,2023_PICG2_1,2023-05-18,138,2881-65893,2881-65893,1,AHY,7,F,62.193897569444445,34.2804375,1.4201680672268906,16.9,108,54,27.3,4.8,11.9,NA,NA,NA,NA,NA,NA
2023-09-27,A19,100,WEBL,B377,NA,NA,NA,12.3,NA,12.3,NA,NA,B377,4,NA,12.3,TRES,PICO3,2023,Orchard,95.565,PG,2023_PICO3_1,2023-05-18,138,2881-17944,2881-17944,1,AHY,0,F,59.84790798611111,32.762499999999996,1.584,19.8,115,56,28.1,5.3,12.5,NA,NA,NA,NA,NA,NA
2023-09-27,A19,100,WEBL,B378,NA,1.649,NA,3.536,NA,2.5925000000000002,NA,1.887,B378,3,NA,2.5925000000000002,TRES,RRRR6,2023,Row crop,0,RR,2023_RRRR6_1,2023-05-18,138,2881-65894,2881-65894,1,ASY,3,F,NA,33.6888125,1.5409836065573772,18.8,112,57,27.6,5.7,12.2,NA,NA,NA,NA,NA,NA
2023-09-27,A19,100,WEBL,B379,NA,8.055,NA,9.446,NA,8.750499999999999,NA,1.391,B379,6,NA,8.750499999999999,WEBL,PICG7,2023,Grassland,NA,PG,2023_PICG7_1,2023-05-19,139,2941-94560,2941-94560,1,AHY,4,F,61.42529513888889,33.11125,1.2238095238095237,25.7,97,55,37,8.9,21,NA,NA,NA,NA,NA,NA
2023-09-27,A19,100,WEBL,B380,NA,13.91,NA,15.72,NA,14.815000000000001,NA,1.8100000000000005,B380,5,NA,14.815000000000001,WEBL,SFP15,2023,Forest,84.52,MB,2023_SFP15_1,2023-05-20,140,2941-18530,2941-18530,1,AHY,3,F,70.05030381944445,30.04088392857143,1.2920792079207921,26.1,98,59,35.8,8.2,20.2,NA,NA,NA,NA,NA,NA
2023-09-27,A19,100,WEBL,B381,NA,6.352,NA,7.339,NA,6.8455,NA,0.9870000000000001,B381,6,NA,6.8455,TRES,SFP11,2023,Forest,83.274,MB,2023_SFP11_1,2023-05-20,140,2881-27408,2881-27408,1,SY,2,F,70.05030381944445,30.108999999999998,1.432,17.9,105,49,26.2,4.2,12.5,NA,NA,NA,NA,NA,NA
2023-09-27,A19,100,WEBL,B389,NA,22.15,NA,26.03,NA,24.09,NA,3.8800000000000026,B389,5,NA,24.09,WEBL,PCC7,2023,Forest,78.92099999999999,PG,2023_PCC7_1,2023-05-23,143,2941-18781,2941-18781,1,AHY,1,F,65.98860243055556,32.656625,1.2814070351758795,25.5,101,63,35.9,8.4,19.9,NA,NA,NA,NA,NA,NA
2023-09-27,A19,100,WEBL,B393,NA,20.4,NA,17.02,NA,18.71,NA,3.379999999999999,B393,2,NA,18.71,WEBL,PICO4,2023,Orchard,98.2,PG,2023_PICO4_1,2023-05-23,143,2941-94571,2941-94571,1,AHY,6,F,62.48133680555556,30.3985625,1.4153846153846155,27.6,96,59,36.6,8.8,19.5,NA,NA,NA,NA,NA,NA
2023-09-27,A20,100,WEBL,B347,6.825,13.05,6.664,21.31,6.7445,17.18,0.16100000000000048,8.259999999999998,B347,3,6.7445,17.18,TRES,MBNG10,2022,Grassland,0,MB,2022_MBNG10_2,2022-07-14,195,2881-65888,2881-65888,1,AHY,NA,F,53.755269097222225,38.373687499999996,1.278688524590164,15.6,108,53,28.1,5.1,12.2,NA,NA,NA,NA,NA,NA
2023-09-27,A20,100,WEBL,B349,4.174,33.77,4.77,31.71,4.4719999999999995,32.74,0.5959999999999992,2.0600000000000023,B349,3,4.4719999999999995,32.74,WEBL,MBNG28,2022,Grassland,0.8599999999999994,MB,2022_MBNG28_1,2022-07-19,200,2941-94458,2941-94458,1,AHY,0,F,55.71328867813709,NA,1.263157894736842,26.4,99,62,36.8,8.5,20.9,NA,NA,NA,NA,NA,NA
2023-09-27,A20,100,WEBL,B360,11.31,36.72,6.68,42.1,8.995000000000001,39.41,4.630000000000001,5.380000000000003,B360,5,8.995000000000001,39.41,WEBL,PICR10,2023,Row crop,NA,PG,2023_PICR10_1,2023-05-09,129,2941-94553,2941-94553,1,AHY,4,F,69.11769097222222,19.92975,1.3045685279187818,25.7,97,59,35.9,8.4,19.7,NA,NA,NA,NA,NA,NA
