Timestamp,Date,Start Time,End Time,Observer(s),Site,Nestbox,Species,Adult(s),Nest,Eggs,Nestlings,Notes,Activities,Wing chords,dead_nestlings,year,site
2021-04-16T11:07:47Z,2021-04-16T00:00:00Z,1899-12-30T10:50:00Z,1899-12-30T11:30:00Z,"KL, KG",MBN,MBNG12,TRES,-,4/8,0,0,-,NA,NA,NA,2021,MBNG
NA,2021-04-23T00:00:00Z,1899-12-30T09:35:00Z,1899-12-30T10:30:00Z,KL KG,MBN,MBNG12,TRES,1 in female,4/5,6,0,Hobos added,NA,NA,NA,2021,MBNG
2021-04-30T10:13:23Z,2021-04-30T00:00:00Z,1899-12-30T10:00:00Z,1899-12-30T10:30:00Z,"KL, KG",MBN,MBNG12,TRES,1 in,4/12,6,0,-,NA,NA,NA,2021,MBNG
NA,2021-05-07T00:00:00Z,1899-12-30T16:40:00Z,1899-12-30T18:30:00Z,KL KG,MBN,MBNG12,TRES,1 in 1 near,4/15,0,6,"WC: 6,6,8,8,8,7",NA,"6,6,8,8,8,7",NA,2021,MBNG
NA,2021-05-12T00:00:00Z,1899-12-30T07:30:00Z,1899-12-30T09:50:00Z,KL KG,MBN,MBNG12,TRES,female in,4/8,0,6,"WC: 20,16,19,20,15,13",NA,"20,16,19,20,15,13",NA,2021,MBNG
2021-05-17T09:16:43Z,2021-05-17T00:00:00Z,1899-12-30T07:30:00Z,1899-12-30T08:30:00Z,"KL, AG",MBN,MBNG12,TRES,-,4/10,0,5,banded,NA,NA,NA,2021,MBNG
2021-05-19T07:58:29Z,2021-05-19T00:00:00Z,1899-12-30T07:30:00Z,1899-12-30T08:00:00Z,"KL, KG",MBN,MBNG12,TRES,"1 on, 1 in",Skipped,NA,NA,Can hear loud nestlings in box,NA,NA,NA,2021,MBNG
2021-05-26T08:16:04Z,2021-05-26T00:00:00Z,1899-12-30T07:45:00Z,1899-12-30T08:15:00Z,"KL, KG",MBN,MBNG12,TRES,"1 on, 1 near",Skipped,NA,NA,"Nestlings audible inside, one sticking head out, parents feeding",NA,NA,NA,2021,MBNG
2021-06-02T07:50:14Z,2021-06-02T00:00:00Z,1899-12-30T07:30:00Z,1899-12-30T08:30:00Z,"KL, KG",MBN,MBNG12,TRES,"1 in, 1 on",3/0,0,0,"Empty nest, some new material on top. Removed loggers",NA,NA,NA,2021,MBNG
2021-06-09T08:44:33Z,2021-06-09T00:00:00Z,1899-12-30T08:15:00Z,1899-12-30T10:00:00Z,"KL, KG",MBN,MBNG12,TRES,2 near,4/2,4,0,NA,NA,NA,NA,2021,MBNG
2021-06-16T07:45:16Z,2021-06-16T00:00:00Z,1899-12-30T07:30:00Z,1899-12-30T08:30:00Z,"KL, KG",MBN,MBNG12,TRES,4 near,4/5,4,0,1 dead nestling pink nail polish,NA,NA,1,2021,MBNG
2021-06-23T08:37:26Z,2021-06-23T00:00:00Z,1899-12-30T08:00:00Z,1899-12-30T09:00:00Z,"KL, KG",MBN,MBNG12,TRES,1 in,4/10,2,2,"WC: 6,6 -just hatched",NA,6,NA,2021,MBNG
2021-06-30T08:07:01Z,2021-06-30T00:00:00Z,1899-12-30T07:47:59Z,1899-12-30T08:30:00Z,"KL, KG, TP",MBN,MBNG12,TRES,-,4/10,0,4,NA,NA,NA,NA,2021,MBNG
2021-04-16T11:19:58Z,2021-04-16T00:00:00Z,1899-12-30T10:50:00Z,1899-12-30T11:30:00Z,KL KG,MBN,MBNG21,TRES,1 inside box,3,0,0,-,NA,NA,NA,2021,MBNG
NA,2021-04-23T00:00:00Z,1899-12-30T09:35:00Z,1899-12-30T10:30:00Z,KL KG,MBN,MBNG21,TRES,4 near,2/1,0,0,4 adults near,NA,NA,NA,2021,MBNG
NA,2021-04-30T00:00:00Z,1899-12-30T10:00:00Z,1899-12-30T10:30:00Z,"KL, KG",MBN,MBNG21,TRES,2 near,4/4,3,0,extremely small nest,NA,NA,NA,2021,MBNG
NA,2021-05-07T00:00:00Z,1899-12-30T16:40:00Z,1899-12-30T18:30:00Z,KL KG,MBN,MBNG21,TRES,2 near,4/6,6,0,-,NA,NA,NA,2021,MBNG
NA,2021-05-12T00:00:00Z,1899-12-30T07:30:00Z,1899-12-30T09:50:00Z,KL KG,MBN,MBNG21,TRES,1 on,4/10,6,0,-,NA,NA,NA,2021,MBNG
2021-05-19T08:00:06Z,2021-05-19T00:00:00Z,1899-12-30T07:30:00Z,1899-12-30T08:45:00Z,KL KG,MBN,MBNG21,TRES,1 in,4/4,0,6,súper súper small nest!!!,NA,NA,NA,2021,MBNG
2021-05-26T08:16:39Z,2021-05-26T00:00:00Z,1899-12-30T07:40:00Z,1899-12-30T09:00:00Z,KL KG,MBN,MBNG21,TRES,3 near,4/8,0,5,"WC: 26,27,29",NA,"26,27,29",NA,2021,MBNG
2021-06-02T08:09:21Z,2021-06-02T00:00:00Z,1899-12-30T07:30:00Z,1899-12-30T09:00:00Z,KL KG,MBN,MBNG21,skipped,skipped,skipped,NA,NA,skipped- no action near nest,NA,NA,NA,2021,MBNG
2021-06-09T08:51:58Z,2021-06-09T00:00:00Z,1899-12-30T08:15:00Z,1899-12-30T10:00:00Z,KL KG DV,MBN,MBNG21,TRES,1 near,skipped,NA,NA,nestlings sticking their heads out of box and loud,NA,NA,NA,2021,MBNG
2021-06-16T07:53:09Z,2021-06-16T00:00:00Z,1899-12-30T07:30:00Z,1899-12-30T08:30:00Z,"KL, KG",MBN,MBNG21,TRES,-,3/0,0,0,1 unbanded dead fledgling,NA,NA,1,2021,MBNG
2021-06-23T08:24:06Z,2021-06-23T00:00:00Z,1899-12-30T08:00:00Z,1899-12-30T09:00:00Z,"KL, KG",MBN,MBNG21,ATFL?,-,2/1,0,0,Some furry bits- what kind of looks like an owl pellet??,NA,NA,NA,2021,MBNG
2021-06-30T08:06:35Z,2021-06-30T00:00:00Z,1899-12-30T07:45:00Z,1899-12-30T09:00:00Z,KL KG TP,MBN,MBNG21,TRES,-,4/3,0,0,-,NA,NA,NA,2021,MBNG
2021-04-16T11:31:25Z,2021-04-16T00:00:00Z,1899-12-30T10:50:00Z,1899-12-30T11:30:00Z,KL KG,MBN,MBNG25,TRES,2 nearby,4/ 7,0,0,closed with a screw but able to open- we should replace with a nail,NA,NA,NA,2021,MBNG
NA,2021-04-23T00:00:00Z,1899-12-30T09:35:00Z,1899-12-30T10:30:00Z,KL KG,MBN,MBNG25,TRES,1 in,4/3,0,0,Closed with screw- able to open,NA,NA,NA,2021,MBNG
NA,2021-04-30T00:00:00Z,1899-12-30T10:00:00Z,1899-12-30T10:30:00Z,"KL, KG",MBN,MBNG25,TRES,-,4/4,6,0,-,NA,NA,NA,2021,MBNG
NA,2021-05-07T00:00:00Z,1899-12-30T16:40:00Z,1899-12-30T18:30:00Z,KL KG,MBN,MBNG25,TRES,1 in 1 near,4/20,6,0,Female in did not leave!,NA,NA,NA,2021,MBNG
NA,2021-05-12T00:00:00Z,1899-12-30T07:30:00Z,1899-12-30T09:50:00Z,KL KG,MBN,MBNG25,TRES,1 in,4/21,6,0,-,NA,NA,NA,2021,MBNG
2021-05-19T07:51:11Z,2021-05-19T00:00:00Z,1899-12-30T07:30:00Z,1899-12-30T08:45:00Z,KL KG,MBN,MBNG25,TRES,1 near,4/11,1,5,"WC: 12,14,13",NA,"12,14,13",NA,2021,MBNG
2021-05-26T08:07:22Z,2021-05-26T00:00:00Z,1899-12-30T07:40:00Z,1899-12-30T09:00:00Z,KL KG,MBN,MBNG25,TRES,4 near,4/9,0,3,"1 nestling dead 3 alive- WC: 50,52- only measured two because parents most aggressive ever!!!",NA,"50,52",1,2021,MBNG
2021-06-02T08:11:07Z,2021-06-02T00:00:00Z,1899-12-30T07:30:00Z,1899-12-30T08:30:00Z,"KL, KG",MBN,MBNG25,Skipped,-,Skipped,NA,NA,Skip 1,NA,NA,NA,2021,MBNG
2021-06-09T08:40:27Z,2021-06-09T00:00:00Z,1899-12-30T08:15:00Z,1899-12-30T10:00:00Z,KL KG DV,MBN,MBNG25,TRES,1 in,skipped,NA,NA,heard babies,NA,NA,NA,2021,MBNG
2021-06-16T07:43:09Z,2021-06-16T00:00:00Z,1899-12-30T07:30:00Z,1899-12-30T09:30:00Z,KL KG TP,MBN,MBNG25,TRES?,-,4/8,0,0,empty besides poops,NA,NA,NA,2021,MBNG
2021-06-23T08:17:55Z,2021-06-23T00:00:00Z,1899-12-30T08:00:00Z,1899-12-30T09:00:00Z,"KL, KG",MBN,MBNG25,TRES,-,3/2,0,0,NA,NA,NA,NA,2021,MBNG
2021-06-30T08:01:36Z,2021-06-30T00:00:00Z,1899-12-30T07:45:00Z,1899-12-30T09:00:00Z,KL KG TP,MBN,MBNG25,TRES,-,4/3,0,0,-,NA,NA,NA,2021,MBNG
2021-04-16T10:57:58Z,2021-04-16T00:00:00Z,1899-12-30T10:50:00Z,1899-12-30T11:30:00Z,KG,MBN,MBNG4,TRES,1 in box,4/ 9,6,0,-,NA,NA,NA,2021,MBNG
NA,2021-04-23T00:00:00Z,1899-12-30T09:35:00Z,1899-12-30T10:30:00Z,KL KG,MBN,MBNG4,TRES,1 in,4/5,6,0,Added HOBOS,NA,NA,NA,2021,MBNG
2021-04-30T10:01:13Z,2021-04-30T00:00:00Z,1899-12-30T10:00:00Z,1899-12-30T10:30:00Z,"KL, KG",MBN,MBNG4,TRES,"1 in, 1 on",4/14,6,0,-,NA,NA,NA,2021,MBNG
NA,2021-05-07T00:00:00Z,1899-12-30T16:40:00Z,1899-12-30T18:30:00Z,KL KG,MBN,MBNG4,TRES,2 near,4/4,1,4,"WC: 22,25.23,24",NA,"22,25,23,24",NA,2021,MBNG
NA,2021-05-12T00:00:00Z,1899-12-30T07:30:00Z,1899-12-30T09:50:00Z,KL KG,MBN,MBNG4,TRES,1 in 1 near,4/12,1,4,"WC: 41,40,40,43",NA,"41,40,40,43",NA,2021,MBNG
2021-05-19T07:34:46Z,2021-05-19T00:00:00Z,1899-12-30T07:30:00Z,1899-12-30T08:00:00Z,"KL, KG",MBN,MBNG4,TRES,1 on,Skipped,NA,NA,NA,NA,NA,NA,2021,MBNG
2021-05-26T07:49:25Z,2021-05-26T00:00:00Z,1899-12-30T07:45:00Z,1899-12-30T08:15:00Z,"KL, KG",MBN,MBNG4,TRES,-,4/7,1,0,"2 dead nestlings in nest, bands 20611&10, well-feathered but small. 1 dead outside, band 2631-20609, removed loggers",NA,NA,2,2021,MBNG
2021-06-02T07:45:12Z,2021-06-02T00:00:00Z,1899-12-30T07:30:00Z,1899-12-30T09:00:00Z,KL KG,MBN,MBNG4,TRES,1 on 1 near,4/7,0,0,-,NA,NA,NA,2021,MBNG
2021-06-09T08:25:38Z,2021-06-09T00:00:00Z,1899-12-30T08:15:00Z,1899-12-30T10:00:00Z,"KL, KG",MBN,MBNG4,TRES,1 in,4/2,3,0,NA,NA,NA,NA,2021,MBNG
2021-06-16T07:35:38Z,2021-06-16T00:00:00Z,1899-12-30T07:30:00Z,1899-12-30T08:30:00Z,"KL, KG",MBN,MBNG4,TRES,1 in,4/10,3,0,NA,NA,NA,NA,2021,MBNG
2021-06-23T08:15:21Z,2021-06-23T00:00:00Z,1899-12-30T08:00:00Z,1899-12-30T09:30:00Z,KL KG,MBN,MBNG4,TRES,1 on,4/15,3,0,-,NA,NA,NA,2021,MBNG
2021-06-30T07:52:21Z,2021-06-30T00:00:00Z,1899-12-30T07:47:59Z,1899-12-30T08:30:00Z,"KL, KG, TP",MBN,MBNG4,TRES,-,4/12,3,0,NA,NA,NA,NA,2021,MBNG
2021-04-16T12:16:13Z,2021-04-16T00:00:00Z,1899-12-30T11:50:00Z,1899-12-30T12:30:00Z,KL KG,MBN,MBNR3,TRES?,--,3,0,0,nest only made of hay?,NA,NA,NA,2021,MBNR
NA,2021-04-23T00:00:00Z,1899-12-30T09:00:00Z,1899-12-30T09:15:00Z,KL KG,MBN,MBNR3,TRES?,-,3,0,0,2 TRES near,NA,NA,NA,2021,MBNR
NA,2021-04-30T00:00:00Z,1899-12-30T10:30:00Z,1899-12-30T10:45:00Z,"KL, KG",MBN,MBNR3,WEBL,1 in,4,4,0,WEBL female stayed in nest!!!,NA,NA,NA,2021,MBNR
NA,2021-05-07T00:00:00Z,1899-12-30T16:00:00Z,1899-12-30T16:35:00Z,KL KG,MBN,MBNR3,TRES?,2 near,4,0,0,Hay nest that has not changed,NA,NA,NA,2021,MBNR
NA,2021-05-12T00:00:00Z,1899-12-30T11:40:00Z,1899-12-30T12:10:00Z,KL KG,MBN,MBNR3,TRES,1 in,4/0,1,0,hay nest that is now being used,NA,NA,NA,2021,MBNR
2021-05-26T10:06:42Z,2021-05-26T00:00:00Z,1899-12-30T09:45:00Z,1899-12-30T10:30:00Z,"KL, KG",MBN,MBNR3,TRES,"1 in, 2 near",4/11,4,0,NA,NA,NA,NA,2021,MBNR
2021-06-02T09:09:05Z,2021-06-02T00:00:00Z,1899-12-30T08:50:00Z,1899-12-30T10:00:00Z,KL KG,MBN,MBNR3,TRES,2 near,4/11,0,4,"approx WC: 9,11,10",NA,"9,11,10",NA,2021,MBNR
2021-06-09T09:43:45Z,2021-06-09T00:00:00Z,1899-12-30T09:15:00Z,1899-12-30T10:00:00Z,"KL, KG",MBN,MBNR3,TRES,-,4/10,0,4,"Very very cold barely alive nestlings, did not measure wing chord. Measure next week if alive 😭",NA,NA,NA,2021,MBNR
2021-06-16T06:52:42Z,2021-06-16T00:00:00Z,1899-12-30T06:30:00Z,1899-12-30T07:30:00Z,KL KG TP,MBN,MBNR3,skipped,skipped,skipped,NA,NA,no babies heard,NA,NA,NA,2021,MBNR
2021-06-23T09:14:46Z,2021-06-23T00:00:00Z,1899-12-30T09:00:00Z,1899-12-30T10:00:00Z,KL KG,MBN,MBNR3,TRES,-,4/12,0,0,"at least 4 dead nestlings - removed from the nest, also a wasps nest",NA,NA,4,2021,MBNR
2021-06-30T08:36:25Z,2021-06-30T00:00:00Z,1899-12-30T08:25:00Z,1899-12-30T09:30:00Z,KL KG TP,MBN,MBNR3,TRES,-,4/20,0,0,-,NA,NA,NA,2021,MBNR
2021-06-30T13:46:35Z,2021-06-30T00:00:00Z,1899-12-30T08:25:00Z,1899-12-30T09:30:00Z,KL KG TP,MBN,MBNR3,TRES,-,4/20,0,0,-,NA,NA,NA,2021,MBNR
2021-07-07T09:19:26Z,2021-07-07T00:00:00Z,1899-12-30T09:00:00Z,1899-12-30T10:00:00Z,KL KG,MBN,MBNR3,TRES,-,4/12,0,0,-,NA,NA,NA,2021,MBNR
2021-04-15T15:45:21Z,2021-04-15T00:00:00Z,1899-12-30T15:44:00Z,1899-12-30T16:00:00Z,KL KG,PIC,PICG2,TRES,2 nearby,4/ 12,4,0,multiple (4-6) TRES nearby but 2 mainly watching me,NA,NA,NA,2021,PICG
2021-04-22T17:13:21Z,2021-04-22T00:00:00Z,1899-12-30T15:55:00Z,1899-12-30T16:55:00Z,KL KG,PIC,PICG2,TRES,1 in box,4/8,6,0,-,NA,NA,NA,2021,PICG
NA,2021-04-29T00:00:00Z,1899-12-30T15:15:00Z,1899-12-30T15:45:00Z,KL KG,PIC,PICG2,TRES,"1 in, 2 near",4/6,6,0,-,NA,NA,NA,2021,PICG
NA,2021-05-07T00:00:00Z,1899-12-30T11:00:00Z,1899-12-30T12:45:00Z,KL KG,PIC,PICG2,TRES,1 in 1 out,4/8,0,6,"WC: 19,18,2,23,23,20",NA,"19,18,2,23,23,20",NA,2021,PICG
NA,2021-05-13T00:00:00Z,1899-12-30T07:40:00Z,1899-12-30T08:10:00Z,KL KG,PIC,PICG2,TRES,1 in,4/20,0,6,weird liquid brown poops; banded,NA,NA,NA,2021,PICG
NA,2021-05-14T00:00:00Z,1899-12-30T09:45:00Z,1899-12-30T10:45:00Z,KL KG DK,PIC,PICG2,-,-,Skipped,NA,NA,skipped- got banded yesterday,NA,NA,NA,2021,PICG
2021-05-21T11:28:38Z,2021-05-21T00:00:00Z,1899-12-30T10:40:00Z,1899-12-30T00:00:00Z,"KL, KG",PIC,PICG2,TRES,1 in,Skipped,NA,NA,Heard nestlings inside,NA,NA,NA,2021,PICG
2021-06-04T09:38:19Z,2021-06-04T00:00:00Z,1899-12-30T09:15:00Z,1899-12-30T10:00:00Z,KL KG,PIC,PICG2,TRES,1 in 1 on,4/12,4,0,loggers on this - new nest- left loggers on,NA,NA,NA,2021,PICG
2021-06-11T11:00:36Z,2021-06-11T00:00:00Z,1899-12-30T10:55:00Z,1899-12-30T12:00:00Z,KL KG POK,PIC,PICG2,TRES,2 near,4/17,4,0,-,NA,NA,NA,2021,PICG
2021-06-18T09:23:33Z,2021-06-18T00:00:00Z,1899-12-30T08:30:00Z,1899-12-30T09:30:00Z,KL KG,PIC,PICG2,TRES,2 near,4/19,1,3,"WC: 6,7,7",NA,"6,7,7",NA,2021,PICG
2021-06-28T08:26:07Z,2021-06-28T00:00:00Z,1899-12-30T08:05:00Z,1899-12-30T08:25:00Z,KL KG,PIC,PICG2,TRES,1 near,4/20,0,4,banded and camera battery replaced,NA,NA,NA,2021,PICG
2021-07-02T08:25:27Z,2021-07-02T00:00:00Z,1899-12-30T08:19:59Z,1899-12-30T09:30:00Z,KL KG,PIC,PICG2,skipped,skipped,skipped,NA,NA,skipped,NA,NA,NA,2021,PICG
2021-07-09T07:32:33Z,2021-07-09T00:00:00Z,1899-12-30T07:30:00Z,1899-12-30T08:30:00Z,KL KG,PIC,PICG2,skipped,skipped,skipped,NA,NA,skipped,NA,NA,NA,2021,PICG
2021-07-22T09:05:29Z,2021-07-09T00:00:00Z,1899-12-30T07:30:00Z,1899-12-30T08:30:00Z,KL KG,PIC,PICG2,skipped,skipped,skipped,NA,NA,skipped,NA,NA,NA,2021,PICG
2021-07-16T10:49:27Z,2021-07-16T00:00:00Z,1899-12-30T10:20:00Z,1899-12-30T10:45:00Z,KG,PIC,PICG2,TRES,-,4/20,0,0,1 dead nestling- band number 2631-20722- loggers and cam removed,NA,NA,1,2021,PICG
2021-04-15T15:56:36Z,2021-04-15T00:00:00Z,1899-12-30T15:55:59Z,1899-12-30T16:00:00Z,KL KG,PIC,PICG5,TRES,-,4/ 19,0,0,-,NA,NA,NA,2021,PICG
2021-04-22T17:16:05Z,2021-04-22T00:00:00Z,1899-12-30T15:55:00Z,1899-12-30T16:55:00Z,KL KG,PIC,PICG5,TRES,-,4/20,3,0,-,NA,NA,NA,2021,PICG
NA,2021-04-29T00:00:00Z,1899-12-30T15:15:00Z,1899-12-30T15:45:00Z,KL KG,PIC,PICG5,TRES,1 near,4/20,6,0,Snake potentially nearby????,NA,NA,NA,2021,PICG
NA,2021-05-07T00:00:00Z,1899-12-30T11:00:00Z,1899-12-30T12:45:00Z,KL KG,PIC,PICG5,TRES,2 near,4/30,6,0,-,NA,NA,NA,2021,PICG
NA,2021-05-14T00:00:00Z,1899-12-30T09:45:00Z,1899-12-30T10:45:00Z,KL KG DK,PIC,PICG5,TRES,-,4/18,1,5,"WC: 12,17,17,16, 2 very small",NA,"12,17,17,16",NA,2021,PICG
2021-05-21T11:52:21Z,2021-05-21T00:00:00Z,1899-12-30T10:40:00Z,1899-12-30T00:00:00Z,"KL, KG",PIC,PICG5,TRES,-,4/26,1,4,1 dead nestling fairly well developed; banded,NA,NA,1,2021,PICG
2021-05-28T09:40:04Z,2021-05-28T00:00:00Z,1899-12-30T09:15:00Z,1899-12-30T10:00:00Z,"KL, KG, NB",PIC,PICG5,TRES,-,Skipped,NA,NA,Skip 1,NA,NA,NA,2021,PICG
2021-06-04T09:54:17Z,2021-06-04T00:00:00Z,1899-12-30T09:15:00Z,1899-12-30T10:00:00Z,KL KG,PIC,PICG5,skipped,skipped,skipped,NA,NA,skipped,NA,NA,NA,2021,PICG
2021-06-11T11:15:44Z,2021-06-11T00:00:00Z,1899-12-30T10:50:00Z,1899-12-30T12:00:00Z,KL KG POK,PIC,PICG5,TRES,-,4/18,0,0,one egg incorporated into the nest stuck in poop?,NA,NA,NA,2021,PICG
2021-06-18T09:14:11Z,2021-06-18T00:00:00Z,1899-12-30T08:30:00Z,1899-12-30T09:30:00Z,KL KG,PIC,PICG5,TRES,2 on top,4/18,0,0,dead egg and dead baby incorporated in new nest…,NA,NA,1,2021,PICG
2021-06-25T09:42:20Z,2021-06-25T00:00:00Z,1899-12-30T09:15:00Z,1899-12-30T10:30:00Z,"KL, KG",PIC,PICG5,TRES,-,4/25,1,0,Dead egg on edge of nest,NA,NA,NA,2021,PICG
2021-07-02T08:29:14Z,2021-07-02T00:00:00Z,1899-12-30T08:19:59Z,1899-12-30T09:30:00Z,KL KG,PIC,PICG5,TRES,-,4/2,0,0,-,NA,NA,NA,2021,PICG
2021-04-15T15:46:32Z,2021-04-15T00:00:00Z,1899-12-30T15:30:00Z,1899-12-30T16:00:00Z,KL,PIC,PICG8,TRES,2 on,3.5/15,0,0,-,NA,NA,NA,2021,PICG
2021-04-22T17:20:20Z,2021-04-22T00:00:00Z,1899-12-30T15:55:00Z,1899-12-30T16:55:00Z,KL KG,PIC,PICG8,TRES,1 near,4/17,4,0,-,NA,NA,NA,2021,PICG
2021-04-29T15:22:25Z,2021-04-29T00:00:00Z,1899-12-30T15:15:00Z,1899-12-30T15:45:00Z,"KL, KG",PIC,PICG8,TRES,1 in,4/20,5,0,-,NA,NA,NA,2021,PICG
NA,2021-05-07T00:00:00Z,1899-12-30T11:00:00Z,1899-12-30T12:45:00Z,KL KG,PIC,PICG8,TRES,1 in 1 near,4/20,2,3,"WC: 6,7,7",NA,"6,7,7",NA,2021,PICG
NA,2021-05-14T00:00:00Z,1899-12-30T09:45:00Z,1899-12-30T10:45:00Z,KL KG DK,PIC,PICG8,TRES,1 in,4/20,0,5,"WC: 18,25,26",NA,"18,25,26",NA,2021,PICG
2021-05-21T10:56:07Z,2021-05-21T00:00:00Z,1899-12-30T10:40:00Z,1899-12-30T12:00:00Z,KL KG,PIC,PICG8,TRES,-,4/20,0,1,"3 nestlings missing, 1 in nest dead, 1 in nest still breathing barely :(; banded",NA,NA,1,2021,PICG
2021-05-28T09:52:10Z,2021-05-28T00:00:00Z,1899-12-30T09:15:00Z,1899-12-30T10:00:00Z,KL KG NB,PIC,PICG8,skipped,skipped,skipped,NA,NA,skipped,NA,NA,NA,2021,PICG
2021-06-04T09:41:42Z,2021-06-04T00:00:00Z,1899-12-30T09:15:00Z,1899-12-30T10:00:00Z,"KL, KG",PIC,PICG8,Skipped,-,Skipped,NA,NA,Nothing audible,NA,NA,NA,2021,PICG
2021-06-11T11:03:33Z,2021-06-11T00:00:00Z,1899-12-30T10:50:00Z,1899-12-30T11:30:00Z,"KL, KG",PIC,PICG8,TRES,-,4/25,0,0,1 dead nestling band # 2631-20648,NA,NA,1,2021,PICG
2021-06-18T08:45:56Z,2021-06-18T00:00:00Z,1899-12-30T08:30:00Z,1899-12-30T09:30:00Z,KL KG,PIC,PICG8,-,-,4/30,0,0,-,NA,NA,NA,2021,PICG
2021-06-20T08:57:11Z,2021-06-18T00:00:00Z,1899-12-30T08:30:00Z,1899-12-30T09:30:00Z,KL KG,PIC,PICG8,-,-,4/30,0,0,-,NA,NA,NA,2021,PICG
2021-06-25T10:03:41Z,2021-06-25T00:00:00Z,1899-12-30T08:50:00Z,1899-12-30T10:00:00Z,KL KG,PIC,PICG8,TRES,-,4/30,0,0,-,NA,NA,NA,2021,PICG
2021-06-25T10:12:25Z,2021-06-25T00:00:00Z,1899-12-30T08:50:00Z,1899-12-30T10:00:00Z,KL KG,PIC,PICG8,TRES,-,4/30,0,0,-,NA,NA,NA,2021,PICG
2021-07-02T08:25:47Z,2021-07-02T00:00:00Z,1899-12-30T08:19:59Z,1899-12-30T09:00:00Z,"KL, KG",PIC,PICG8,TRES,-,4/25,0,0,NA,NA,NA,NA,2021,PICG
2021-04-15T15:49:25Z,2021-04-15T00:00:00Z,1899-12-30T15:30:00Z,1899-12-30T16:00:00Z,KL,PIC,PICG9,TRES,1 on,4/20,0,0,-,NA,NA,NA,2021,PICG
2021-04-22T17:21:00Z,2021-04-22T00:00:00Z,1899-12-30T15:55:00Z,1899-12-30T16:55:00Z,KL KG,PIC,PICG9,TRES,2: 1 in 1 on,4/ 10,1,0,Both TRES unwilling to leave box!,NA,NA,NA,2021,PICG
2021-04-29T15:27:49Z,2021-04-29T00:00:00Z,1899-12-30T15:15:00Z,1899-12-30T15:45:00Z,"KL, KG",PIC,PICG9,TRES,"1 on, 1 in (SY female, brown)",4/20,5,0,-,NA,NA,NA,2021,PICG
NA,2021-05-07T00:00:00Z,1899-12-30T11:00:00Z,1899-12-30T12:45:00Z,KL KG,PIC,PICG9,TRES,1 in 1 on,4/22,5,0,-,NA,NA,NA,2021,PICG
NA,2021-05-14T00:00:00Z,1899-12-30T09:45:00Z,1899-12-30T10:45:00Z,KL KG DK,PIC,PICG9,TRES,-,4/30,0,5,"WC: 10,11, 11",NA,"10,11,11",NA,2021,PICG
2021-05-21T11:00:57Z,2021-05-21T00:00:00Z,1899-12-30T10:40:00Z,1899-12-30T12:00:00Z,KL KG,PIC,PICG9,TRES,1 near,4/11,0,4,"WC: 33, 34, 30",NA,"33,34,30",NA,2021,PICG
2021-05-24T07:56:02Z,2021-05-24T00:00:00Z,1899-12-30T07:50:00Z,1899-12-30T08:19:59Z,KL KG,PIC,PICG9,TRES,-,4/22,0,0,"4 dead nestling WC: 33,35,31,32",NA,NA,4,2021,PICG
2021-05-27T09:56:45Z,2021-05-24T00:00:00Z,1899-12-30T07:50:00Z,1899-12-30T08:19:59Z,KL KG,PIC,PICG9,TRES,-,4/22,0,0,"dead nest WC: 33,35,31,32",NA,NA,4,2021,PICG
2021-05-28T09:53:32Z,2021-05-28T00:00:00Z,1899-12-30T09:15:00Z,1899-12-30T10:00:00Z,"KL, KG, NB",PIC,PICG9,TRES,-,4/25,0,0,NA,NA,NA,NA,2021,PICG
2021-06-04T09:47:54Z,2021-06-04T00:00:00Z,1899-12-30T09:15:00Z,1899-12-30T10:00:00Z,"KL, KG",PIC,PICG9,TRES,-,4/20,0,0,Empty,NA,NA,NA,2021,PICG
2021-06-11T11:05:12Z,2021-06-11T00:00:00Z,1899-12-30T10:50:00Z,1899-12-30T11:30:00Z,"KL, KG",PIC,PICG9,TRES,-,4/20,3,0,NA,NA,NA,NA,2021,PICG
2021-06-18T08:51:43Z,2021-06-18T00:00:00Z,1899-12-30T08:30:00Z,1899-12-30T09:30:00Z,KL KG,PIC,PICG9,TRES,1 in,4/24,3,0,loggers added,NA,NA,NA,2021,PICG
2021-06-20T08:57:10Z,2021-06-18T00:00:00Z,1899-12-30T08:30:00Z,1899-12-30T09:30:00Z,KL KG,PIC,PICG9,TRES,1 in,4/24,3,0,loggers added,NA,NA,NA,2021,PICG
2021-06-25T10:35:52Z,2021-06-25T00:00:00Z,1899-12-30T10:15:00Z,1899-12-30T11:00:00Z,KL KG,PIC,PICG9,TRES,-,4/8,0,0,-,NA,NA,NA,2021,PICG
2021-06-25T10:01:45Z,2021-06-25T00:00:00Z,1899-12-30T09:15:00Z,1899-12-30T10:00:00Z,"KL, KG",PIC,PICG9,TRES,-,4/25,3,0,NA,NA,NA,NA,2021,PICG
2021-07-02T09:13:59Z,2021-07-02T00:00:00Z,1899-12-30T08:19:59Z,1899-12-30T09:15:00Z,"KL, KG",PIC,PICG9,TRES,2 near,4/20,0,1,Measure 1; WC 17,NA,17,NA,2021,PICG
2021-07-29T11:41:41Z,2021-07-29T00:00:00Z,1899-12-30T06:00:00Z,1899-12-30T07:00:00Z,KG,PIC,PICG9,TRES,-,4/20,0,0,loggers removed,NA,NA,NA,2021,PICG
2021-04-15T14:18:37Z,2021-04-15T00:00:00Z,1899-12-30T14:15:00Z,1899-12-30T15:00:00Z,"KL, KG",PIC,PICO1,-,-,-,0,0,-,NA,NA,NA,2021,PICO
2021-04-22T09:16:55Z,2021-04-22T00:00:00Z,1899-12-30T09:15:00Z,1899-12-30T10:00:00Z,"KL, KG",PIC,PICO1,-,-,-,0,0,-,NA,NA,NA,2021,PICO
NA,2021-04-29T00:00:00Z,1899-12-30T09:50:00Z,1899-12-30T10:30:00Z,KL KG,PIC,PICO1,-,-,-,0,0,Empty- HOBOs in it,NA,NA,NA,2021,PICO
2021-05-07T13:40:29Z,2021-05-07T00:00:00Z,1899-12-30T13:30:00Z,1899-12-30T14:00:00Z,"KL, KG",PIC,PICO1,WEBL,-,2,0,0,NA,NA,NA,NA,2021,PICO
2021-05-14T07:39:27Z,2021-05-14T00:00:00Z,1899-12-30T07:30:00Z,1899-12-30T09:00:00Z,"KL, KG",PIC,PICO1,TRES,1 in,4/1,3,0,NA,NA,NA,NA,2021,PICO
2021-05-21T09:08:30Z,2021-05-21T00:00:00Z,1899-12-30T08:19:59Z,1899-12-30T09:20:00Z,KL KG,PIC,PICO1,TRES,1 in,4/9,4,0,-,NA,NA,NA,2021,PICO
2021-05-27T09:56:55Z,2021-05-21T00:00:00Z,1899-12-30T08:19:59Z,1899-12-30T09:20:00Z,KL KG,PIC,PICO1,TRES,1 in,4/9,4,0,-,NA,NA,NA,2021,PICO
2021-05-28T08:07:22Z,2021-05-28T00:00:00Z,1899-12-30T08:00:00Z,1899-12-30T08:30:00Z,KL KG,PIC,PICO1,TRES,1 in,4/12,3,1,very tiny baby,NA,6,NA,2021,PICO
2021-06-04T08:12:12Z,2021-06-04T00:00:00Z,1899-12-30T08:00:00Z,1899-12-30T09:00:00Z,KL KG,PIC,PICO1,TRES,1in,4/4,0,4,"WC: 14, 11, 21, 18; measure 1",NA,"14,11,21,18",NA,2021,PICO
2021-06-11T08:50:10Z,2021-06-11T00:00:00Z,1899-12-30T08:25:00Z,1899-12-30T09:30:00Z,KL KG POK,PIC,PICO1,TRES,1 in 1 near,4/3,0,3,1 dead nestling (yellow)- 3 others banded,NA,NA,1,2021,PICO
2021-06-18T06:40:26Z,2021-06-18T00:00:00Z,1899-12-30T06:30:00Z,1899-12-30T07:30:00Z,"KL, KG",PIC,PICO1,TRES,2 near,Skipped,NA,NA,Skip 1,NA,NA,NA,2021,PICO
2021-06-25T11:00:10Z,2021-06-25T00:00:00Z,1899-12-30T11:00:00Z,1899-12-30T11:15:00Z,"KL, KG",PIC,PICO1,Skipped,Skipped,Skipped,NA,NA,"Nothing audible; loggers, skip 2",NA,NA,NA,2021,PICO
2021-07-02T09:52:58Z,2021-07-02T00:00:00Z,1899-12-30T09:45:00Z,1899-12-30T10:30:00Z,"KL, KG",PIC,PICO1,TRES,-,4/5,0,0,1 well developed dead nestling in box band 2631-20707,NA,NA,1,2021,PICO
2021-04-16T09:08:42Z,2021-04-16T00:00:00Z,1899-12-30T08:50:00Z,1899-12-30T09:49:59Z,KL KG,RRR,RRRG10,TRES,"2 adults IN BOX- one seems injured , one flew out",3,0,0,hard to check box with what seems like injured female inside- will ask KL to check it out,NA,NA,NA,2021,RRRG
NA,2021-04-23T00:00:00Z,1899-12-30T10:45:00Z,1899-12-30T11:30:00Z,KL KG,RRR,RRRG10,TRES,-,3/3,0,0,-,NA,NA,NA,2021,RRRG
2021-04-30T08:48:58Z,2021-04-30T00:00:00Z,1899-12-30T08:30:00Z,1899-12-30T09:00:00Z,"KL, KG",RRR,RRRG10,TRES,"1 in, 1 on",4/0,4,0,-,NA,NA,NA,2021,RRRG
NA,2021-05-06T00:00:00Z,1899-12-30T15:40:00Z,1899-12-30T05:40:00Z,KL KG,RRR,RRRG10,TRES,2 near,4/7,5,0,-,NA,NA,NA,2021,RRRG
NA,2021-05-13T00:00:00Z,1899-12-30T08:20:00Z,1899-12-30T11:00:00Z,KL KG,RRR,RRRG10,TRES,-,4/15,5,0,-,NA,NA,NA,2021,RRRG
2021-05-20T08:04:19Z,2021-05-20T00:00:00Z,1899-12-30T07:40:00Z,1899-12-30T08:15:00Z,"KL, KG",RRR,RRRG10,TRES,1 on,4/10,0,5,"WC: 14, 14, 13",NA,"14,14,13",NA,2021,RRRG
2021-05-27T08:29:38Z,2021-05-27T00:00:00Z,1899-12-30T07:45:00Z,1899-12-30T09:00:00Z,KL KG,RRR,RRRG10,TRES,-,4/10,0,4,"WC: 39,29,40",NA,"39,29,40",NA,2021,RRRG
2021-06-03T08:52:20Z,2021-06-03T00:00:00Z,1899-12-30T08:00:00Z,1899-12-30T09:00:00Z,"KL, KG",RRR,RRRG10,Skipped,-,Skipped,NA,NA,Skip 1,NA,NA,NA,2021,RRRG
2021-06-17T07:19:35Z,2021-06-17T00:00:00Z,1899-12-30T06:30:00Z,1899-12-30T08:00:00Z,KL KG DV,RRR,RRRG10,TRES,-,4/8,0,0,4 dead nestlings,NA,NA,4,2021,RRRG
2021-06-24T08:41:40Z,2021-06-24T00:00:00Z,1899-12-30T07:30:00Z,1899-12-30T09:00:00Z,"KL, KG, DK, TP",RRR,RRRG10,TRES,-,4/10,4,0,Looks like rotten eggs,NA,NA,NA,2021,RRRG
2021-07-01T07:52:06Z,2021-07-01T00:00:00Z,1899-12-30T07:45:00Z,1899-12-30T08:30:00Z,"KL, KG",RRR,RRRG10,-,-,2,0,0,NA,NA,NA,NA,2021,RRRG
2021-04-16T09:10:19Z,2021-04-16T00:00:00Z,1899-12-30T08:50:00Z,1899-12-30T09:49:59Z,KL KG,RRR,RRRG11,WEBL,2 adults on box,4,0,0,-,NA,NA,NA,2021,RRRG
NA,2021-04-23T00:00:00Z,1899-12-30T10:45:00Z,1899-12-30T11:30:00Z,KL KG,RRR,RRRG11,WEBL,1 on top,4,5,0,"Female on box, HOBO added",NA,NA,NA,2021,RRRG
2021-04-30T08:47:45Z,2021-04-30T00:00:00Z,1899-12-30T08:30:00Z,1899-12-30T09:00:00Z,"KL, KG",RRR,RRRG11,WEBL,1 in,4,5,0,-,NA,NA,NA,2021,RRRG
NA,2021-05-06T00:00:00Z,1899-12-30T15:40:00Z,1899-12-30T05:40:00Z,KL KG,RRR,RRRG11,TRES,2 near,4,0,5,"Measured all stats- logger in this box, WC 9, 10, 9,9,9",NA,"9,10,9,9",NA,2021,RRRG
NA,2021-05-13T00:00:00Z,1899-12-30T08:20:00Z,1899-12-30T11:00:00Z,KL KG,RRR,RRRG11,WEBL,1 near,4,0,5,Two TRES on box!,NA,NA,NA,2021,RRRG
2021-05-17T10:09:34Z,2021-05-17T00:00:00Z,1899-12-30T10:00:00Z,1899-12-30T11:30:00Z,"KL, AG",RRR,RRRG11,WEBL,-,4,0,5,banded,NA,NA,NA,2021,RRRG
2021-05-20T07:57:22Z,2021-05-20T00:00:00Z,1899-12-30T07:40:00Z,1899-12-30T08:15:00Z,"KL, KG",RRR,RRRG11,WEBL,1 on,Skipped,NA,NA,Can hear babies inside- bird on top is male with food,NA,NA,NA,2021,RRRG
2021-05-27T08:24:59Z,2021-05-27T00:00:00Z,1899-12-30T08:00:00Z,1899-12-30T08:40:00Z,"KL, KG, IS",RRR,RRRG11,TRES,"1 on, 1 in",Skipped,NA,NA,"Skip 2, nestlings audible inside",NA,NA,NA,2021,RRRG
2021-06-03T08:53:23Z,2021-06-03T00:00:00Z,1899-12-30T08:00:00Z,1899-12-30T09:00:00Z,"KL, KG",RRR,RRRG11,TRES,1 in,4/3,2,0,Removed loggers,NA,NA,NA,2021,RRRG
2021-06-17T07:20:43Z,2021-06-17T00:00:00Z,1899-12-30T06:30:00Z,1899-12-30T08:00:00Z,KL KG DV,RRR,RRRG11,TRES,1 in,4/5,4,0,-,NA,NA,NA,2021,RRRG
2021-06-24T08:38:57Z,2021-06-24T00:00:00Z,1899-12-30T07:30:00Z,1899-12-30T09:00:00Z,"KL, KG, DK, TP",RRR,RRRG11,TRES,-,3/5,0,0,1 dead nestling,NA,NA,1,2021,RRRG
2021-07-01T07:54:43Z,2021-07-01T00:00:00Z,1899-12-30T07:45:00Z,1899-12-30T08:30:00Z,"KL, KG",RRR,RRRG11,TRES,-,4/10,3,0,1 crushed egg on edge of nest,NA,NA,NA,2021,RRRG
2021-04-16T09:26:02Z,2021-04-16T00:00:00Z,1899-12-30T08:50:00Z,1899-12-30T09:49:59Z,KL KG,RRR,RRRG17,TRES?,1 on box,0.25,0,0,-,NA,NA,NA,2021,RRRG
NA,2021-04-23T00:00:00Z,1899-12-30T10:45:00Z,1899-12-30T11:30:00Z,KL KG,RRR,RRRG17,TRES,2 near,4/2,0,0,Dead wasps nest,NA,NA,NA,2021,RRRG
2021-04-30T08:46:04Z,2021-04-30T00:00:00Z,1899-12-30T08:30:00Z,1899-12-30T09:00:00Z,"KL, KG",RRR,RRRG17,TRES,2 on,4/5,1,0,-,NA,NA,NA,2021,RRRG
2021-05-06T17:34:39Z,2021-05-06T00:00:00Z,1899-12-30T16:00:00Z,1899-12-30T17:45:00Z,"KL, KG",RRR,RRRG17,TRES,"1 on, 1 in",4/10,5,0,NA,NA,NA,NA,2021,RRRG
2021-05-13T10:49:48Z,2021-05-13T00:00:00Z,1899-12-30T08:19:59Z,1899-12-30T11:00:00Z,"KL, KG",RRR,RRRG17,TRES,-,4/20,5,0,NA,NA,NA,NA,2021,RRRG
2021-05-20T07:55:52Z,2021-05-20T00:00:00Z,1899-12-30T07:40:00Z,1899-12-30T08:15:00Z,"KL, KG",RRR,RRRG17,TRES,2 near,4/20,0,5,"WC: 8,8,7",NA,"8,8,7",NA,2021,RRRG
2021-05-27T08:23:42Z,2021-05-27T00:00:00Z,1899-12-30T08:00:00Z,1899-12-30T08:40:00Z,"KL, KG, IS",RRR,RRRG17,TRES,1 near,4/20,0,5,"WC 34, 36, 31",NA,"34,36,31",NA,2021,RRRG
2021-06-03T08:53:57Z,2021-06-03T00:00:00Z,1899-12-30T07:50:00Z,1899-12-30T09:30:00Z,KL KG,RRR,RRRG17,skipped,skipped,skipped,NA,NA,skipped,NA,NA,NA,2021,RRRG
2021-06-17T07:21:15Z,2021-06-17T00:00:00Z,1899-12-30T06:30:00Z,1899-12-30T07:30:00Z,"KL, KG",RRR,RRRG17,TRES,-,4/3,0,0,"1 dead nestling, fairly well developed",NA,NA,1,2021,RRRG
2021-06-24T08:39:39Z,2021-06-24T00:00:00Z,1899-12-30T07:30:00Z,1899-12-30T09:00:00Z,"KL, LG, DK, TP",RRR,RRRG17,TRES,-,4/20,0,0,NA,NA,NA,NA,2021,RRRG
2021-07-01T07:55:57Z,2021-07-01T00:00:00Z,1899-12-30T07:45:00Z,1899-12-30T08:30:00Z,"KL, KG",RRR,RRRG17,TRES,-,2/20,0,0,NA,NA,NA,NA,2021,RRRG
2021-04-16T09:09:28Z,2021-04-16T00:00:00Z,1899-12-30T09:00:00Z,1899-12-30T10:00:00Z,KL,RRR,RRRG24,-,-,-,0,0,-,NA,NA,NA,2021,RRRG
2021-04-23T11:23:45Z,2021-04-23T00:00:00Z,1899-12-30T10:45:00Z,1899-12-30T11:30:00Z,"KL, KG",RRR,RRRG24,TRES?,-,0.5,0,0,-,NA,NA,NA,2021,RRRG
2021-04-30T08:38:32Z,2021-04-30T00:00:00Z,1899-12-30T08:30:00Z,1899-12-30T09:00:00Z,"KL, KG",RRR,RRRG24,TRES,-,1/0,0,0,-,NA,NA,NA,2021,RRRG
2021-05-06T17:31:51Z,2021-05-06T00:00:00Z,1899-12-30T16:00:00Z,1899-12-30T17:45:00Z,"KL, KG",RRR,RRRG24,WEBL,-,1,0,0,NA,NA,NA,NA,2021,RRRG
2021-05-13T10:56:05Z,2021-05-13T00:00:00Z,1899-12-30T08:19:59Z,1899-12-30T11:00:00Z,"KL, KG",RRR,RRRG24,WEBL,-,1,0,0,NA,NA,NA,NA,2021,RRRG
2021-05-20T07:43:59Z,2021-05-20T00:00:00Z,1899-12-30T07:40:00Z,1899-12-30T08:15:00Z,"KL, KG",RRR,RRRG24,WEBL,-,1.5,0,0,1 TRES on top,NA,NA,NA,2021,RRRG
2021-05-27T08:09:39Z,2021-05-27T00:00:00Z,1899-12-30T08:00:00Z,1899-12-30T08:40:00Z,"KL, KG, IS",RRR,RRRG24,TRES,2 in,3/1,0,0,"2 adult TRES inside, male CP 3, banded no 2061-00586",NA,NA,NA,2021,RRRG
2021-06-03T09:10:05Z,2021-06-03T00:00:00Z,1899-12-30T08:00:00Z,1899-12-30T09:00:00Z,"KL, KG",RRR,RRRG24,TRES,-,4/15,4,0,NA,NA,NA,NA,2021,RRRG
2021-06-17T07:26:55Z,2021-06-17T00:00:00Z,1899-12-30T06:30:00Z,1899-12-30T07:30:00Z,"KL, KG",RRR,RRRG24,TRES,-,4/10,1,3,"WC: 8,7,8",NA,"8,7,8",NA,2021,RRRG
2021-06-24T08:31:21Z,2021-06-24T00:00:00Z,1899-12-30T07:30:00Z,1899-12-30T09:00:00Z,"KL, KG, DK, TP",RRR,RRRG24,TRES,-,4/15,0,3,"WC: 28, 22, 31; 1 dead",NA,"28,22,31",1,2021,RRRG
2021-07-01T08:04:12Z,2021-07-01T00:00:00Z,1899-12-30T07:45:00Z,1899-12-30T08:30:00Z,"KL, KG",RRR,RRRG24,Skipped,-,Skipped,NA,NA,Nestlings audible inside,NA,NA,NA,2021,RRRG
2021-04-16T09:10:50Z,2021-04-16T00:00:00Z,1899-12-30T09:00:00Z,1899-12-30T10:00:00Z,KL,RRR,RRRG25,TRES,"1in, 1on",3/0,0,0,-,NA,NA,NA,2021,RRRG
2021-04-23T11:26:35Z,2021-04-23T00:00:00Z,1899-12-30T10:45:00Z,1899-12-30T11:30:00Z,"KL, KG",RRR,RRRG25,WEBL,-,4,2,0,3 TRES near,NA,NA,NA,2021,RRRG
2021-04-30T08:39:42Z,2021-04-30T00:00:00Z,1899-12-30T08:30:00Z,1899-12-30T09:00:00Z,"KL, KG",RRR,RRRG25,WEBL,-,4,5,0,-,NA,NA,NA,2021,RRRG
2021-05-06T17:30:50Z,2021-05-06T00:00:00Z,1899-12-30T16:00:00Z,1899-12-30T17:45:00Z,"KL, KG",RRR,RRRG25,WEBL,1 in,4,4,0,NA,NA,NA,NA,2021,RRRG
2021-05-13T10:54:39Z,2021-05-13T00:00:00Z,1899-12-30T08:19:59Z,1899-12-30T11:00:00Z,"KL, KG",RRR,RRRG25,WEBL,-,4,0,5,"WC: 11, 12, 11",NA,"11,12,11",NA,2021,RRRG
2021-05-20T07:47:11Z,2021-05-20T00:00:00Z,1899-12-30T07:40:00Z,1899-12-30T08:15:00Z,"KL, KG",RRR,RRRG25,WEBL,-,4,0,5,"WC: 39, 39, 40",NA,"39,39,40",NA,2021,RRRG
2021-05-24T09:57:11Z,2021-05-24T00:00:00Z,1899-12-30T08:30:00Z,1899-12-30T12:00:00Z,KL KG AK,RRR,RRRG25,WEBL,-,4,0,1,4 dead 1 alive; banded,NA,NA,4,2021,RRRG
2021-05-27T08:10:42Z,2021-05-27T00:00:00Z,1899-12-30T08:00:00Z,1899-12-30T08:40:00Z,"KL, KG, IS",RRR,RRRG25,WEBL,2 near,Skipped,NA,NA,Skip 1,NA,NA,NA,2021,RRRG
2021-06-03T09:10:59Z,2021-06-03T00:00:00Z,1899-12-30T08:00:00Z,1899-12-30T09:00:00Z,"KL, KG",RRR,RRRG25,Skipped,-,Skipped,NA,NA,Skip 2,NA,NA,NA,2021,RRRG
2021-06-17T07:27:51Z,2021-06-17T00:00:00Z,1899-12-30T06:30:00Z,1899-12-30T07:30:00Z,"KL, KG",RRR,RRRG25,WEBL,-,4,4,0,NA,NA,NA,NA,2021,RRRG
2021-06-24T08:32:17Z,2021-06-24T00:00:00Z,1899-12-30T07:30:00Z,1899-12-30T09:00:00Z,"KL, KG, DK TP",RRR,RRRG25,WEBL,-,4,4,0,1 egg cracked,NA,NA,NA,2021,RRRG
2021-07-01T08:10:53Z,2021-07-01T00:00:00Z,1899-12-30T07:45:00Z,1899-12-30T08:30:00Z,"KL, KG",RRR,RRRG25,WEBL,-,4,3,0,NA,NA,NA,NA,2021,RRRG
2021-04-16T09:25:10Z,2021-04-16T00:00:00Z,1899-12-30T09:00:00Z,1899-12-30T10:00:00Z,KL,RRR,RRRG26,WEBL,2 on,3,0,0,-,NA,NA,NA,2021,RRRG
NA,2021-04-23T00:00:00Z,1899-12-30T10:45:00Z,1899-12-30T11:30:00Z,KL KG,RRR,RRRG26,WEBL,-,4,0,0,-,NA,NA,NA,2021,RRRG
NA,2021-04-30T00:00:00Z,1899-12-30T08:30:00Z,1899-12-30T09:00:00Z,"KL, KG",RRR,RRRG26,WEBL,-,4,0,0,-,NA,NA,NA,2021,RRRG
NA,2021-05-06T00:00:00Z,1899-12-30T15:40:00Z,1899-12-30T05:40:00Z,KL KG,RRR,RRRG26,WEBL,-,4,5,0,-,NA,NA,NA,2021,RRRG
NA,2021-05-13T00:00:00Z,1899-12-30T08:20:00Z,1899-12-30T11:00:00Z,KL KG,RRR,RRRG26,WEBL,1 in 1on,4,5,0,-,NA,NA,NA,2021,RRRG
2021-05-20T08:12:51Z,2021-05-20T00:00:00Z,1899-12-30T07:40:00Z,1899-12-30T09:00:00Z,KL KG,RRR,RRRG26,WEBL,1 female in,4,0,4,"1 dead nestling in nest :( WC: 8,8,7",NA,"8,8,7",1,2021,RRRG
2021-05-27T08:19:03Z,2021-05-27T00:00:00Z,1899-12-30T07:45:00Z,1899-12-30T09:00:00Z,KL KG,RRR,RRRG26,WEBL,1 near,4,0,4,"approx WC: 22,20,18",NA,"22,20,18",NA,2021,RRRG
2021-06-03T09:01:30Z,2021-06-03T00:00:00Z,1899-12-30T07:50:00Z,1899-12-30T09:30:00Z,KL KG,RRR,RRRG26,skipped,skipped,skipped,NA,NA,skipped,NA,NA,NA,2021,RRRG
2021-06-17T07:31:42Z,2021-06-17T00:00:00Z,1899-12-30T06:30:00Z,1899-12-30T08:00:00Z,KL KG DV,RRR,RRRG26,TRES,-,4,0,0,empty old nest w poops,NA,NA,NA,2021,RRRG
2021-06-24T08:41:21Z,2021-06-24T00:00:00Z,1899-12-30T07:30:00Z,1899-12-30T09:00:00Z,KL KG TP DK,RRR,RRRG26,TRES,-,4/1,0,0,-,NA,NA,NA,2021,RRRG
2021-07-01T07:58:28Z,2021-07-01T00:00:00Z,1899-12-30T07:30:00Z,1899-12-30T08:30:00Z,KL KG,RRR,RRRG26,TRES,-,4/12,0,0,-,NA,NA,NA,2021,RRRG
2021-07-01T07:59:44Z,2021-07-01T00:00:00Z,1899-12-30T07:30:00Z,1899-12-30T08:30:00Z,KL KG,RRR,RRRG26,TRES,-,4/12,0,0,-,NA,NA,NA,2021,RRRG
2021-04-16T08:54:53Z,2021-04-16T00:00:00Z,1899-12-30T08:50:00Z,1899-12-30T09:49:59Z,KL KG,RRR,RRRG3,TRES,-,4/1,2,0,the nest is very small and the eggs are smaller than average and quite cold- could be old or abandoned,NA,NA,NA,2021,RRRG
NA,2021-04-23T00:00:00Z,1899-12-30T10:45:00Z,1899-12-30T11:30:00Z,KL KG,RRR,RRRG3,TRES,2 near,4/1,5,0,very odd underdeveloped nest,NA,NA,NA,2021,RRRG
NA,2021-04-30T00:00:00Z,1899-12-30T08:30:00Z,1899-12-30T09:00:00Z,"KL, KG",RRR,RRRG3,TRES,1 in 1 on,4/3,4,0,small nest: female TRES stayed in box! again!,NA,NA,NA,2021,RRRG
NA,2021-05-06T00:00:00Z,1899-12-30T15:40:00Z,1899-12-30T05:40:00Z,KL KG,RRR,RRRG3,TRES,2 near,4/10,0,5,"measured all stats- logger in this box, WC: 11, 11, 11, 9",NA,"11,11,11,9",NA,2021,RRRG
NA,2021-05-13T00:00:00Z,1899-12-30T08:20:00Z,1899-12-30T11:00:00Z,KL KG,RRR,RRRG3,TRES,2 near,4/1,0,5,"Front of box missing with inside logger on the ground. WC: 29,24,31,26",NA,"29,24,31,26",NA,2021,RRRG
2021-05-13T12:31:47Z,2021-05-13T00:00:00Z,1899-12-30T12:30:00Z,1899-12-30T12:45:00Z,"KL, KG",RRR,RRRG3,WEBL,-,4,5,0,NA,NA,NA,NA,2021,RRRG
2021-05-17T10:04:44Z,2021-05-17T00:00:00Z,1899-12-30T10:00:00Z,1899-12-30T11:30:00Z,"KL, AG",RRR,RRRG3,TRES,2 near,4/0,0,1,"4 dead nestlings removed - one banded: 2631-20627, remaning 1 banded",NA,NA,4,2021,RRRG
2021-05-20T07:45:23Z,2021-05-20T00:00:00Z,1899-12-30T07:40:00Z,1899-12-30T10:00:00Z,KL KG,RRR,RRRG3,TRES,none near,Skipped,NA,NA,skipped week 1 i think,NA,NA,NA,2021,RRRG
2021-05-27T07:58:07Z,2021-05-27T00:00:00Z,1899-12-30T07:45:00Z,1899-12-30T09:00:00Z,KL KG,RRR,RRRG3,TRES,2 near,Skipped,NA,NA,skipped,NA,NA,NA,2021,RRRG
2021-06-03T08:01:50Z,2021-06-03T00:00:00Z,1899-12-30T08:00:00Z,1899-12-30T09:00:00Z,"KL, KG",RRR,RRRG3,TRES,2 in,4/5,5,0,"1 dead nestling 2631-20647 inside, left loggers on box but downloaded data and reset memory",NA,NA,1,2021,RRRG
2021-06-10T09:40:22Z,2021-06-10T00:00:00Z,1899-12-30T09:30:00Z,1899-12-30T10:30:00Z,KL KG,RRR,RRRG3,TRES,1 in,4/8,5,0,-,NA,NA,NA,2021,RRRG
2021-06-17T06:58:36Z,2021-06-17T00:00:00Z,1899-12-30T06:30:00Z,1899-12-30T07:30:00Z,"KL, KG",RRR,RRRG3,TRES,-,4/6,1,4,"WC: 11,11,10,8",NA,"11,11,10,8",NA,2021,RRRG
2021-06-24T08:13:53Z,2021-06-24T00:00:00Z,1899-12-30T07:30:00Z,1899-12-30T09:00:00Z,"KL, KG",RRR,RRRG3,TRES,1 near,4/10,0,3,1 dead: blue nail polish. Measure 2,NA,NA,1,2021,RRRG
2021-06-24T08:00:03Z,2021-06-24T00:00:00Z,1899-12-30T07:30:00Z,1899-12-30T08:30:00Z,"KL, KG",RRR,RRRG3,WEBL,-,4,2,0,Very cold,NA,NA,NA,2021,RRRG
2021-06-28T08:06:30Z,2021-06-28T00:00:00Z,1899-12-30T07:15:00Z,1899-12-30T07:55:00Z,KL KG,RRR,RRRG3,TRES,2 near,4/3,0,3,banded!,NA,NA,NA,2021,RRRG
2021-06-29T20:54:59Z,2021-06-28T00:00:00Z,1899-12-30T07:15:00Z,1899-12-30T07:55:00Z,KL KG,RRR,RRRG3,TRES,2 near,4/3,0,3,banded!,NA,NA,NA,2021,RRRG
2021-07-01T08:16:24Z,2021-07-01T00:00:00Z,1899-12-30T07:45:00Z,1899-12-30T08:30:00Z,"KL, KG",RRR,RRRG3,TRES,-,4,NA,NA,"Accidentally opened nest, thought it was 2. Large babies inside, at least 3",NA,NA,NA,2021,RRRG
2021-07-08T06:45:37Z,2021-07-08T00:00:00Z,1899-12-30T06:30:00Z,1899-12-30T06:45:00Z,"KL, KG",RRR,RRRG3,Skipped,Skipped,Skipped,NA,NA,Nothing audible from outside; skip 2,NA,NA,NA,2021,RRRG
2021-07-15T10:57:21Z,2021-07-15T00:00:00Z,1899-12-30T10:30:00Z,1899-12-30T10:55:00Z,KG,RRR,RRRG3,TRES,-,4/12,0,0,loggers removrd,NA,NA,NA,2021,RRRG
NA,2021-04-30T00:00:00Z,1899-12-30T08:30:00Z,1899-12-30T09:00:00Z,"KL, KG",RRR,RRRG32,WEBL,1 male in,4,5,0,male on box- newly marked box,NA,NA,NA,2021,RRRG
NA,2021-05-06T00:00:00Z,1899-12-30T15:40:00Z,1899-12-30T05:40:00Z,KL KG,RRR,RRRG32,WEBL,1 in,4,5,0,Female in box,NA,NA,NA,2021,RRRG
NA,2021-05-13T00:00:00Z,1899-12-30T08:20:00Z,1899-12-30T11:00:00Z,KL KG,RRR,RRRG32,WEBL,-,4,0,5,"WC: 15,14,16",NA,"15,14,16",NA,2021,RRRG
2021-05-24T10:18:56Z,2021-05-24T00:00:00Z,1899-12-30T08:30:00Z,1899-12-30T12:00:00Z,KL KG AK,RRR,RRRG32,WEBL,-,4,0,2,3 dead 2 alive; banded,NA,NA,3,2021,RRRG
2021-06-17T07:29:39Z,2021-06-17T00:00:00Z,1899-12-30T06:30:00Z,1899-12-30T08:00:00Z,KL KG DV,RRR,RRRG32,WEBL,1 in,4,4,0,-,NA,NA,NA,2021,RRRG
2021-06-24T08:38:49Z,2021-06-24T00:00:00Z,1899-12-30T07:30:00Z,1899-12-30T09:00:00Z,KL KG TP DK,RRR,RRRG32,WEBL,-,4,4,0,-,NA,NA,NA,2021,RRRG
2021-07-01T08:00:17Z,2021-07-01T00:00:00Z,1899-12-30T07:30:00Z,1899-12-30T08:30:00Z,KL KG,RRR,RRRG32,WEBL,-,4,4,0,-,NA,NA,NA,2021,RRRG
2021-04-16T08:56:04Z,2021-04-16T00:00:00Z,1899-12-30T08:50:00Z,1899-12-30T09:49:59Z,KL KG,RRR,RRRG4,TRES,2 around,4/ 10,0,0,-,NA,NA,NA,2021,RRRG
NA,2021-04-23T00:00:00Z,1899-12-30T10:45:00Z,1899-12-30T11:30:00Z,KL KG,RRR,RRRG4,TRES,2 near,4/2,1,0,Box very unstable- leaning forward,NA,NA,NA,2021,RRRG
NA,2021-04-30T00:00:00Z,1899-12-30T08:30:00Z,1899-12-30T09:00:00Z,"KL, KG",RRR,RRRG4,TRES,2 near,4/4,5,0,small nest,NA,NA,NA,2021,RRRG
NA,2021-05-06T00:00:00Z,1899-12-30T15:40:00Z,1899-12-30T05:40:00Z,KL KG,RRR,RRRG4,TRES,2 near,4/11,4,0,-,NA,NA,NA,2021,RRRG
NA,2021-05-13T00:00:00Z,1899-12-30T08:20:00Z,1899-12-30T11:00:00Z,KL KG,RRR,RRRG4,TRES,-,4/18,0,4,"WC: 7,8,7",NA,"7,8,7",NA,2021,RRRG
2021-05-20T08:20:26Z,2021-05-20T00:00:00Z,1899-12-30T07:40:00Z,1899-12-30T08:15:00Z,"KL, KG",RRR,RRRG4,TRES,2 on,4/10,0,4,"WC: 30, 32, 33",NA,"30,32,33",NA,2021,RRRG
2021-05-27T09:56:48Z,2021-05-24T00:00:00Z,1899-12-30T08:30:00Z,1899-12-30T12:00:00Z,KL KG AK,RRR,RRRG4,TRES,2 near,4/4,0,3,3 alive 1 dead nestling,NA,NA,1,2021,RRRG
2021-05-24T09:11:06Z,2021-05-24T00:00:00Z,1899-12-30T08:30:00Z,1899-12-30T12:00:00Z,KL KG AK,RRR,RRRG4,TRES,2 near,4/4,0,3,3 alive 1 dead nestling; banded,NA,NA,1,2021,RRRG
2021-05-27T07:58:52Z,2021-05-27T00:00:00Z,1899-12-30T07:45:00Z,1899-12-30T09:00:00Z,KL KG,RRR,RRRG4,TRES,1 on,Skipped,NA,NA,skipped- heard loud babies!!,NA,NA,NA,2021,RRRG
2021-06-03T08:06:04Z,2021-06-03T00:00:00Z,1899-12-30T08:00:00Z,1899-12-30T09:00:00Z,"KL, KG",RRR,RRRG4,TRES,3 near,Skipped,NA,NA,Skip 2,NA,NA,NA,2021,RRRG
2021-06-03T09:39:13Z,2021-06-03T00:00:00Z,1899-12-30T09:30:00Z,1899-12-30T10:30:00Z,"KL, KG",RRR,RRRG4,WEBL,-,2.5,0,0,NA,NA,NA,NA,2021,RRRG
2021-06-17T06:59:18Z,2021-06-17T00:00:00Z,1899-12-30T06:30:00Z,1899-12-30T07:30:00Z,"KL, KG",RRR,RRRG4,TRES,1 in,4/13,4,0,NA,NA,NA,NA,2021,RRRG
2021-06-24T08:25:33Z,2021-06-24T00:00:00Z,1899-12-30T07:30:00Z,1899-12-30T09:00:00Z,KL KG,RRR,RRRG4,TRES,1 in,4/12,4,0,-,NA,NA,NA,2021,RRRG
2021-07-01T08:16:23Z,2021-07-01T00:00:00Z,1899-12-30T07:30:00Z,1899-12-30T08:30:00Z,KL KG,RRR,RRRG4,TRES,2 near,4/10,1,3,"WC: 12,12,14",NA,"12,12,14",NA,2021,RRRG
2021-04-16T09:04:01Z,2021-04-16T00:00:00Z,1899-12-30T08:50:00Z,1899-12-30T09:49:59Z,KL KG,RRR,RRRG8,TRES,1 on box,1/1,0,0,-,NA,NA,NA,2021,RRRG
NA,2021-04-23T00:00:00Z,1899-12-30T10:45:00Z,1899-12-30T11:30:00Z,KL KG,RRR,RRRG8,WEBL?,-,1,0,0,-,NA,NA,NA,2021,RRRG
NA,2021-04-30T00:00:00Z,1899-12-30T08:30:00Z,1899-12-30T09:00:00Z,"KL, KG",RRR,RRRG8,TRES,1 in,1.5,0,0,-,NA,NA,NA,2021,RRRG
NA,2021-05-06T00:00:00Z,1899-12-30T15:40:00Z,1899-12-30T05:40:00Z,KL KG,RRR,RRRG8,TRES,1 near,3/6,0,0,-,NA,NA,NA,2021,RRRG
NA,2021-05-13T00:00:00Z,1899-12-30T08:20:00Z,1899-12-30T11:00:00Z,KL KG,RRR,RRRG8,TRES,1 near,4/7,2,0,-,NA,NA,NA,2021,RRRG
2021-05-20T08:00:49Z,2021-05-20T00:00:00Z,1899-12-30T07:40:00Z,1899-12-30T09:00:00Z,KL KG,RRR,RRRG8,TRES,1 in,4/9,6,0,-,NA,NA,NA,2021,RRRG
2021-05-27T08:07:56Z,2021-05-27T00:00:00Z,1899-12-30T07:45:00Z,1899-12-30T09:00:00Z,KL KG,RRR,RRRG8,TRES,2 on,4/18,6,0,loggers added???,NA,NA,NA,2021,RRRG
2021-06-03T08:50:11Z,2021-06-03T00:00:00Z,1899-12-30T08:00:00Z,1899-12-30T09:00:00Z,"KL, KG",RRR,RRRG8,TRES,1 in,4/15,1,5,"Placed cam, measure 1 WC: 9,9,8,9,8",NA,"9,9,8,9,8",NA,2021,RRRG
2021-06-10T10:03:28Z,2021-06-10T00:00:00Z,1899-12-30T09:30:00Z,1899-12-30T10:30:00Z,KL KG,RRR,RRRG8,TRES,1 near,4/8,0,3,"3 alive, 2 dead: blue and purple dead- yellow is extremely cold and unconscious  WC: 14,14,13","14,14,13",NA,2,2021,RRRG
2021-06-14T11:26:37Z,2021-06-14T00:00:00Z,1899-12-30T11:19:59Z,1899-12-30T11:25:00Z,"KL, KG",RRR,RRRG8,TRES,1 near,4/15,1,1,Yellow and orange dead; pink alive. Band on Thurs,NA,NA,NA,2021,RRRG
2021-06-17T07:17:04Z,2021-06-17T00:00:00Z,1899-12-30T06:30:00Z,1899-12-30T07:30:00Z,"KL, KG",RRR,RRRG8,TRES,1 on,4/5,1,1,banded,NA,NA,NA,2021,RRRG
2021-06-24T08:35:24Z,2021-06-24T00:00:00Z,1899-12-30T07:30:00Z,1899-12-30T09:00:00Z,KL KG TP DK,RRR,RRRG8,TRES,1 in 1 near,skipped,NA,NA,skipped,NA,NA,NA,2021,RRRG
2021-07-01T08:03:36Z,2021-07-01T00:00:00Z,1899-12-30T07:30:00Z,1899-12-30T08:30:00Z,KL KG,RRR,RRRG8,TRES,skipped,skipped,NA,NA,camera falling off,NA,NA,NA,2021,RRRG
2021-07-08T06:53:50Z,2021-07-08T00:00:00Z,1899-12-30T06:30:00Z,1899-12-30T07:00:00Z,"KL, KG, IS",RRR,RRRG8,TRES,-,3/10,1,0,Removed loggers & cam,NA,NA,NA,2021,RRRG
2021-04-16T10:04:04Z,2021-04-16T00:00:00Z,1899-12-30T09:40:00Z,1899-12-30T10:00:00Z,KL,RRR,RRRR1,-,-,-,0,0,-,NA,NA,NA,2021,RRRR
2021-04-30T09:21:28Z,2021-04-30T00:00:00Z,1899-12-30T09:10:00Z,1899-12-30T09:45:00Z,"KL, KG",RRR,RRRR1,WEBL,-,1,0,0,-,NA,NA,NA,2021,RRRR
NA,2021-05-07T00:00:00Z,1899-12-30T10:10:00Z,1899-12-30T10:35:00Z,KL KG,RRR,RRRR1,WEBL,-,3,0,0,-,NA,NA,NA,2021,RRRR
2021-05-13T12:35:26Z,2021-05-13T00:00:00Z,1899-12-30T12:30:00Z,1899-12-30T12:45:00Z,"KL, KG",RRR,RRRR1,WEBL,-,4,2,0,NA,NA,NA,NA,2021,RRRR
2021-05-20T08:49:54Z,2021-05-20T00:00:00Z,1899-12-30T08:45:00Z,1899-12-30T10:00:00Z,"KL, KG",RRR,RRRR1,WEBL,-,4,5,0,NA,NA,NA,NA,2021,RRRR
2021-05-27T10:25:24Z,2021-05-27T00:00:00Z,1899-12-30T10:20:00Z,1899-12-30T11:30:00Z,KL KG,RRR,RRRR1,WEBL,1 near,4,5,0,-,NA,NA,NA,2021,RRRR
2021-06-03T09:42:11Z,2021-06-03T00:00:00Z,1899-12-30T09:30:00Z,1899-12-30T11:00:00Z,KL KG,RRR,RRRR1,WEBL,1 near,4,1,4,"approx WC: 12,10,12",NA,"12,10,12",NA,2021,RRRR
2021-06-10T10:43:37Z,2021-06-10T00:00:00Z,1899-12-30T10:15:00Z,1899-12-30T10:45:00Z,"KL, KG",RRR,RRRR1,WEBL,-,4,0,4,Nest already scheduled,NA,NA,NA,2021,RRRR
2021-06-17T07:49:07Z,2021-06-17T00:00:00Z,1899-12-30T07:45:00Z,1899-12-30T08:30:00Z,KL KG DV,RRR,RRRR1,WEBL?,1 on,skipped,NA,NA,one adult WEBL on top,NA,NA,NA,2021,RRRR
2021-06-24T09:12:30Z,2021-06-24T00:00:00Z,1899-12-30T09:00:00Z,1899-12-30T09:15:00Z,"KL, KG, DK, TP",RRR,RRRR1,Skipped,Skipped,Skipped,NA,NA,Skip,NA,NA,NA,2021,RRRR
2021-07-01T08:40:46Z,2021-07-01T00:00:00Z,1899-12-30T08:30:00Z,1899-12-30T09:00:00Z,"KL, KG",RRR,RRRR1,TRES,-,4/10,0,0,3 dead nestlings,NA,NA,3,2021,RRRR
2021-07-08T07:38:09Z,2021-07-08T00:00:00Z,1899-12-30T07:15:00Z,1899-12-30T08:00:00Z,"KL, KG, IS",RRR,RRRR1,TRES,-,4/5,0,0,NA,NA,NA,NA,2021,RRRR
2021-04-16T09:57:55Z,2021-04-16T00:00:00Z,1899-12-30T09:40:00Z,1899-12-30T10:00:00Z,KL,RRR,RRRR2,TRES,"1 on, 1in",-,0,0,1 TRES on UB,NA,NA,NA,2021,RRRR
2021-04-23T12:13:56Z,2021-04-23T00:00:00Z,1899-12-30T12:00:00Z,1899-12-30T12:30:00Z,"KL, KG",RRR,RRRR2,TRES,"1 in, 1 near",2.5,0,0,-,NA,NA,NA,2021,RRRR
2021-04-30T09:18:15Z,2021-04-30T00:00:00Z,1899-12-30T09:10:00Z,1899-12-30T09:45:00Z,"KL, KG",RRR,RRRR2,TRES,1 on,3/4,0,0,-,NA,NA,NA,2021,RRRR
2021-05-07T10:31:28Z,2021-05-07T00:00:00Z,1899-12-30T10:00:00Z,1899-12-30T10:30:00Z,"KL, KG",RRR,RRRR2,TRES,"1 on, 1 in",4/5,4,0,Has loggers,NA,NA,NA,2021,RRRR
2021-05-13T12:33:40Z,2021-05-13T00:00:00Z,1899-12-30T12:30:00Z,1899-12-30T12:45:00Z,"KL, KG",RRR,RRRR2,TRES,2 near,4/30,5,0,NA,NA,NA,NA,2021,RRRR
2021-05-20T08:47:58Z,2021-05-20T00:00:00Z,1899-12-30T08:45:00Z,1899-12-30T10:00:00Z,"KL, KG",RRR,RRRR2,TRES,"1 on, 1 near",4/8,5,0,NA,NA,NA,NA,2021,RRRR
2021-05-30T22:38:56Z,2021-05-27T00:00:00Z,1899-12-30T10:20:00Z,1899-12-30T11:30:00Z,"KL, KG, IS",RRR,RRRR2,TRES,-,4/8,0,5,"WC: 19, 18, 15, 11, 17",NA,"19,18,15,11,17",NA,2021,RRRR
2021-06-03T10:06:27Z,2021-06-03T00:00:00Z,1899-12-30T09:30:00Z,1899-12-30T11:00:00Z,KL KG,RRR,RRRR2,TRES,2 near,4/18,0,5,banded and replaced camera battery,NA,NA,NA,2021,RRRR
2021-06-10T10:38:49Z,2021-06-10T00:00:00Z,1899-12-30T10:15:00Z,1899-12-30T10:45:00Z,"KL, KG",RRR,RRRR2,TRES,1 in,Skipped,NA,NA,Pulled plug out and put back in. Didn't hear nestlings inside,NA,NA,NA,2021,RRRR
2021-06-17T07:56:26Z,2021-06-17T00:00:00Z,1899-12-30T07:50:00Z,1899-12-30T08:45:00Z,"KL, KG",RRR,RRRR2,TRES,-,4/3,0,0,"Removed loggers, cam",NA,NA,NA,2021,RRRR
2021-06-24T09:11:42Z,2021-06-24T00:00:00Z,1899-12-30T09:00:00Z,1899-12-30T09:15:00Z,"KL, KG, DK, TP",RRR,RRRR2,WEBL,-,4,2,0,NA,NA,NA,NA,2021,RRRR
2021-07-01T08:37:22Z,2021-07-01T00:00:00Z,1899-12-30T08:30:00Z,1899-12-30T09:00:00Z,"KL, KG",RRR,RRRR2,WEBL,1 in,4,3,0,Placed loggers,NA,NA,NA,2021,RRRR
2021-07-08T07:34:46Z,2021-07-08T00:00:00Z,1899-12-30T07:15:00Z,1899-12-30T08:00:00Z,"KL, KG, IS",RRR,RRRR2,WEBL,1 in,4,3,0,NA,NA,NA,NA,2021,RRRR
2021-07-15T11:20:33Z,2021-07-15T00:00:00Z,1899-12-30T11:00:00Z,1899-12-30T11:30:00Z,KG,RRR,RRRR2,WEBL,2 near,4,1,1,"1 dead nestling (looked like it died right after hatching)- one still alive and healthy! WC: 14, m1",NA,NA,1,2021,RRRR
2021-09-10T13:11:36Z,2021-09-10T00:00:00Z,1899-12-30T13:10:00Z,1899-12-30T13:30:00Z,KL,RRR,RRRR2,TRES,-,4/5,0,0,"Removed hobos,",NA,NA,NA,2021,RRRR
2021-04-16T09:49:33Z,2021-04-16T00:00:00Z,1899-12-30T09:40:00Z,1899-12-30T10:00:00Z,KL KG,RRR,RRRR6,-,-,-,0,0,empty but with many poops on predator guard only,NA,NA,NA,2021,RRRR
NA,2021-04-23T00:00:00Z,1899-12-30T12:00:00Z,1899-12-30T12:30:00Z,KL KG,RRR,RRRR6,-,-,-,0,0,empty,NA,NA,NA,2021,RRRR
NA,2021-04-30T00:00:00Z,1899-12-30T09:10:00Z,1899-12-30T09:45:00Z,"KL, KG",RRR,RRRR6,WEBL,1 near,0.5,0,0,male near,NA,NA,NA,2021,RRRR
NA,2021-05-07T00:00:00Z,1899-12-30T10:10:00Z,1899-12-30T10:35:00Z,KL KG,RRR,RRRR6,TRES,1 in 1 near,4/3,0,0,-,NA,NA,NA,2021,RRRR
NA,2021-05-13T00:00:00Z,1899-12-30T00:25:00Z,1899-12-30T01:00:00Z,KL KG,RRR,RRRR6,TRES,1 in,4/8,3,0,-,NA,NA,NA,2021,RRRR
2021-05-20T08:45:04Z,2021-05-20T00:00:00Z,1899-12-30T08:40:00Z,1899-12-30T10:00:00Z,KL KG,RRR,RRRR6,TRES,1 in,4/18,5,0,-,NA,NA,NA,2021,RRRR
2021-05-27T10:34:01Z,2021-05-27T00:00:00Z,1899-12-30T10:25:00Z,1899-12-30T11:30:00Z,KL KG,RRR,RRRR6,TRES,1 in,4/32,5,0,-,NA,NA,NA,2021,RRRR
2021-06-03T10:48:01Z,2021-06-03T00:00:00Z,1899-12-30T09:03:00Z,1899-12-30T10:30:00Z,"KL, KG",RRR,RRRR6,TRES,1 in,4/25,0,5,"WC: 11, 12, 13, 1 nestling with feathers tight around foot, very swollen and immobile. Removed feathers, bleeding slightly from wound, but able to move foot",NA,"11,12,13",NA,2021,RRRR
2021-06-10T10:32:03Z,2021-06-10T00:00:00Z,1899-12-30T10:20:00Z,1899-12-30T11:00:00Z,KL KG,RRR,RRRR6,TRES,2 near,4/18,0,4,"WC: 38,34,35- one dead baby w his broken leg :(",NA,"38,34,35",1,2021,RRRR
2021-06-17T07:58:14Z,2021-06-17T00:00:00Z,1899-12-30T07:45:00Z,1899-12-30T08:30:00Z,KL KG DV,RRR,RRRR6,TRES,1 near,skipped,NA,NA,heard babies,NA,NA,NA,2021,RRRR
2021-06-24T09:03:53Z,2021-06-24T00:00:00Z,1899-12-30T09:00:00Z,1899-12-30T09:40:00Z,KL KG TP DK,RRR,RRRR6,skipped,skipped,skipped,NA,NA,skipped,NA,NA,NA,2021,RRRR
2021-07-01T08:33:09Z,2021-07-01T00:00:00Z,1899-12-30T08:30:00Z,1899-12-30T09:30:00Z,KL KG,RRR,RRRR6,TRES,-,4/12,0,0,-,NA,NA,NA,2021,RRRR
2022-03-15T17:22:48Z,2022-03-15T00:00:00Z,1899-12-30T17:10:00Z,1899-12-30T17:45:00Z,"KL, CP, SM",MBN,MBNG12,TRES,-,3/0,0,0,NA,NA,NA,NA,2022,MBNG
2022-03-23T08:05:31Z,2022-03-23T00:00:00Z,1899-12-30T07:53:00Z,1899-12-30T08:30:00Z,"KL, IS",MBN,MBNG12,TRES,1 on,4/2,0,0,NA,NA,NA,NA,2022,MBNG
2022-03-29T11:13:06Z,2022-03-29T00:00:00Z,1899-12-30T10:50:00Z,1899-12-30T11:19:59Z,YW,MBN,MBNG12,TRES,1 in,"4, 3 feathers",0,0,NA,NA,NA,NA,2022,MBNG
2022-04-05T07:51:48Z,2022-04-05T00:00:00Z,1899-12-30T07:30:00Z,1899-12-30T08:00:00Z,"SM, VW, KL",MBN,MBNG12,TRES,1 on,4/6,1,0,NA,NA,NA,NA,2022,MBNG
2022-04-12T08:40:41Z,2022-04-12T00:00:00Z,1899-12-30T08:40:00Z,1899-12-30T09:00:00Z,"YW, KG",MBN,MBNG12,TRES,1on,-,5,0,loggers added,NA,NA,NA,2022,MBNG
2022-04-19T08:05:42Z,2022-04-19T00:00:00Z,1899-12-30T07:45:00Z,1899-12-30T08:15:00Z,KL,MBN,MBNG12,TRES,1 near,4/5,5,0,NA,NA,NA,NA,2022,MBNG
2022-04-26T12:06:45Z,2022-04-26T00:00:00Z,1899-12-30T07:55:00Z,1899-12-30T12:00:00Z,SM KL CP,MBN,MBNG12,TRES,2 in,4,0,5,"WC: 6 6 7, measure 1, captured mom",NA,"6,6,7",NA,2022,MBNG
2022-05-03T08:30:26Z,2022-05-03T00:00:00Z,1899-12-30T07:45:00Z,1899-12-30T09:00:00Z,KG PGG CP VW,MBN,MBNG12,TRES,2 near,4,0,5,-,"nestling measure 2, nestling bleed 1",NA,NA,2022,MBNG
2022-05-07T13:47:17Z,2022-05-07T00:00:00Z,NA,NA,"KL, KG",NA,MBNG12,TRES,2 near,4/10,0,5,Pink nestling died during banding- accidental thoracic compression D:,"nestling band, nestling bleed 2",NA,1,2022,MBNG
2022-05-17T09:49:08Z,2022-05-17T00:00:00Z,NA,NA,VW,NA,MBNG12,TRES,-,4/4,0,0,fledged,removed loggers,NA,NA,2022,MBNG
2022-05-26T11:54:56Z,2022-05-26T00:00:00Z,NA,NA,SM,NA,MBNG12,TRES,-,4/5,0,0,NA,none,NA,NA,2022,MBNG
2022-06-09T07:08:00Z,2022-06-09T00:00:00Z,NA,NA,KL,NA,MBNG12,TRES,-,4/10,5,0,NA,none,NA,NA,2022,MBNG
2022-06-16T08:53:11Z,2022-06-16T00:00:00Z,NA,NA,VW,NA,MBNG12,TRES,1 IN,4/6,0,1,-,none,9,NA,2022,MBNG
2022-06-22T11:09:25Z,2022-06-22T00:00:00Z,NA,NA,"YW, KL",NA,MBNG12,TRES,-,4,0,0,-,none,NA,NA,2022,MBNG
2022-06-28T09:01:13Z,2022-06-28T00:00:00Z,NA,NA,KL,NA,MBNG12,TRES,-,4/5,0,0,NA,none,NA,NA,2022,MBNG
2022-07-05T09:07:39Z,2022-07-05T00:00:00Z,NA,NA,VW,NA,MBNG12,TRES,-,4/7,0,0,NA,none,NA,NA,2022,MBNG
2022-07-13T10:15:18Z,2022-07-13T00:00:00Z,NA,NA,KG VW,MBN,MBNG12,TRES,-,4/12,0,0,one tiny dead baby,none,NA,1,2022,MBNG
2022-07-19T11:18:33Z,2022-07-19T00:00:00Z,NA,NA,KL,NA,MBNG12,-,-,-,0,0,NA,none,NA,NA,2022,MBNG
2022-07-27T08:26:48Z,2022-07-27T00:00:00Z,NA,NA,SM,NA,MBNG12,TRES,-,4/6,0,0,NA,none,NA,NA,2022,MBNG
2022-03-15T17:23:07Z,2022-03-15T00:00:00Z,1899-12-30T17:10:00Z,1899-12-30T17:40:00Z,KG RS,MBN,MBNG24,TRES,2 near,-,0,0,-,NA,NA,NA,2022,MBNG
2022-03-23T08:23:39Z,2022-03-23T00:00:00Z,1899-12-30T07:53:00Z,1899-12-30T08:30:00Z,"KL, IS",MBN,MBNG24,TRES,3 near,1/0,0,0,NA,NA,NA,NA,2022,MBNG
2022-03-29T11:01:42Z,2022-03-29T00:00:00Z,1899-12-30T10:50:00Z,1899-12-30T11:30:00Z,KG,MBN,MBNG24,TRES,2 near,0.5,0,0,-,NA,NA,NA,2022,MBNG
2022-04-05T07:42:26Z,2022-04-05T00:00:00Z,1899-12-30T07:30:00Z,1899-12-30T08:30:00Z,KL,MBN,MBNG24,TRES,-,2/0,0,0,NA,NA,NA,NA,2022,MBNG
2022-04-12T08:26:26Z,2022-04-12T00:00:00Z,1899-12-30T08:15:00Z,1899-12-30T08:45:00Z,SM,MBN,MBNG24,TRES,"4 TRES swooping, 1 TRES near",2/3,0,0,NA,NA,NA,NA,2022,MBNG
2022-04-12T08:34:38Z,2022-04-12T00:00:00Z,1899-12-30T08:15:00Z,1899-12-30T08:45:00Z,"SM, YW, KL, CP",MBN,MBNG24,TRES,2 nearby,3/5,0,0,NA,NA,NA,NA,2022,MBNG
2022-04-19T08:01:01Z,2022-04-19T00:00:00Z,1899-12-30T07:45:00Z,1899-12-30T08:15:00Z,CP,MBN,MBNG24,TRES,"1 TRES on box, 1 TRES swooping",4/6,0,0,NA,NA,NA,NA,2022,MBNG
2022-04-26T08:40:47Z,2022-04-26T00:00:00Z,1899-12-30T07:55:00Z,1899-12-30T09:00:00Z,KL SM CP,MBN,MBNG24,TRES,2 flying,4/8,6,0,NA,NA,NA,NA,2022,MBNG
2022-05-17T09:12:12Z,2022-05-17T00:00:00Z,NA,NA,"SM, CP",MBN,MBNG24,TRES,"1 TRES on box, 1 TRES inside",4/10,0,5,NA,none,"14, 24, 20, 20, 24",NA,2022,MBNG
2022-05-26T11:14:38Z,2022-05-26T00:00:00Z,NA,NA,SM,NA,MBNG24,TRES,-,4/?,0,0,At least 4 large nestlings seen through hole. Skipped because fully feathered,skipped,NA,NA,2022,MBNG
2022-05-26T11:12:03Z,2022-05-26T00:00:00Z,NA,NA,SM,NA,MBNG24,TRES,-,4/3,0,0,NA,none,NA,NA,2022,MBNG
2022-06-09T07:29:05Z,2022-06-09T00:00:00Z,NA,NA,KL,NA,MBNG24,TRES,-,4/3,0,0,"3 dead nestlings, very feathered. Killed wasp nest",none,NA,3,2022,MBNG
2022-06-16T08:32:25Z,2022-06-16T00:00:00Z,NA,NA,SM KL VW,NA,MBNG24,TRES,1 on,-,0,0,NA,none,NA,NA,2022,MBNG
2022-06-22T10:34:16Z,2022-06-22T00:00:00Z,NA,NA,KL,NA,MBNG24,-,-,-,0,0,NA,none,NA,NA,2022,MBNG
2022-06-28T09:18:14Z,2022-06-28T00:00:00Z,1899-12-30T08:00:00Z,1899-12-30T09:30:00Z,CP,MBN,MBNG24,-,0,0,0,0,Box split on bottom,none,NA,NA,2022,MBNG
2022-07-05T10:02:02Z,2022-07-05T00:00:00Z,NA,NA,KL,NA,MBNG24,-,-,-,0,0,NA,none,NA,NA,2022,MBNG
2022-07-14T08:06:33Z,2022-07-14T00:00:00Z,NA,NA,VW,NA,MBNG24,-,-,-,0,0,EMPTY,none,NA,NA,2022,MBNG
2022-07-19T11:36:48Z,2022-07-19T00:00:00Z,NA,NA,PGG,NA,MBNG24,-,-,-,0,0,NA,none,NA,NA,2022,MBNG
2022-07-27T09:17:26Z,2022-07-27T00:00:00Z,1899-12-30T08:00:00Z,1899-12-30T09:00:00Z,CP,MBN,MBNG24,-,0,0,0,0,NA,none,NA,NA,2022,MBNG
2022-03-15T16:51:19Z,2022-03-15T00:00:00Z,1899-12-30T16:45:00Z,1899-12-30T17:15:00Z,KG RS,MBN,MBNR2,WEBL,2 near male and female,0.25,0,0,-,NA,NA,NA,2022,MBNR
2022-03-29T11:14:39Z,2022-03-29T00:00:00Z,1899-12-30T10:50:00Z,1899-12-30T11:10:00Z,VW,MBN,MBNR2,TRES,1 flying near,2,0,0,yellow Jacket nest on pole!!,NA,NA,NA,2022,MBNR
2022-04-05T08:31:12Z,2022-04-05T00:00:00Z,1899-12-30T08:30:00Z,1899-12-30T08:45:00Z,KL,MBN,MBNR2,TRES,-,2/2,0,0,NA,NA,NA,NA,2022,MBNR
2022-04-12T07:47:53Z,2022-04-12T00:00:00Z,1899-12-30T07:30:00Z,1899-12-30T08:00:00Z,KG,MBN,MBNR2,TRES,0,"2, 2 feathers",0,0,NA,NA,NA,NA,2022,MBNR
2022-04-19T10:27:45Z,2022-04-19T00:00:00Z,1899-12-30T10:15:00Z,1899-12-30T10:45:00Z,"CP, AS",MBN,MBNR2,TRES,0,2/3,0,0,NA,NA,NA,NA,2022,MBNR
2022-04-26T12:39:08Z,2022-04-26T00:00:00Z,1899-12-30T12:30:00Z,1899-12-30T13:00:00Z,SM CP KL,MBN,MBNR2,WEBL,-,2,0,0,NA,NA,NA,NA,2022,MBNR
2022-05-03T09:54:59Z,2022-05-03T00:00:00Z,1899-12-30T09:49:59Z,1899-12-30T10:30:00Z,PGG,MBN,MBNR2,TRES,1 TRES in,4/6,0,0,NA,none,NA,NA,2022,MBNR
2022-05-10T10:55:56Z,2022-05-10T00:00:00Z,1899-12-30T10:00:00Z,1899-12-30T11:45:00Z,CP,MBN,MBNR2,TRES,1 TRES inside,4/12,6,0,NA,none,NA,NA,2022,MBNR
2022-05-17T10:32:44Z,2022-05-17T00:00:00Z,NA,NA,VW CP KL SM,NA,MBNR2,TRES,1 IN,4/5,6,0,NA,added loggers,NA,NA,2022,MBNR
2022-05-26T10:37:22Z,2022-05-26T00:00:00Z,NA,NA,SM YW KL,NA,MBNR2,TRES,2 nearby,4/5,0,6,Didn’t measure or catch mom because nestlings are very cold,none,"12, 10, 11, 9, 9, 9",NA,2022,MBNR
2022-06-02T07:50:45Z,2022-06-02T00:00:00Z,NA,NA,SM KL CP,NA,MBNR2,TRES,-,4/?,0,0,Nestlings dead. Cleaned out nest,"removed loggers, removed camera",NA,6,2022,MBNR
2022-06-09T08:41:35Z,2022-06-09T00:00:00Z,NA,NA,SM KL YW,NA,MBNR2,-,-,-,0,0,NA,none,NA,NA,2022,MBNR
2022-06-16T07:41:58Z,2022-06-16T00:00:00Z,NA,NA,SM VW KL,NA,MBNR2,-,-,-,0,0,NA,none,NA,NA,2022,MBNR
2022-06-22T08:10:00Z,2022-06-22T00:00:00Z,NA,NA,"YW, KL",MBN,MBNR2,-,-,-,0,0,-,none,NA,NA,2022,MBNR
2022-06-29T07:51:09Z,2022-06-29T00:00:00Z,NA,NA,KL,NA,MBNR2,-,-,-,0,0,NA,none,NA,NA,2022,MBNR
2022-07-05T11:13:13Z,2022-07-05T00:00:00Z,NA,NA,KL,NA,MBNR2,WEBL,-,4,0,0,NA,none,NA,NA,2022,MBNR
2022-07-13T09:47:28Z,2022-07-13T00:00:00Z,NA,NA,KL,NA,MBNR2,WEBL,1 in,4,3,0,NA,added loggers,NA,NA,2022,MBNR
2022-07-19T10:17:23Z,2022-07-19T00:00:00Z,NA,NA,PGG,NA,MBNR2,WEBL,1 in,4,4,0,NA,none,NA,NA,2022,MBNR
2022-07-27T07:34:35Z,2022-07-27T00:00:00Z,NA,NA,KL,NA,MBNR2,WEBL,1 in,4,3,0,"1 dead nestling, 2 days old",none,NA,1,2022,MBNR
2022-03-15T16:43:56Z,2022-03-15T00:00:00Z,1899-12-30T16:40:59Z,1899-12-30T17:15:00Z,"KL, SM, KG, RS",MBN,MBNR5,-,-,-,0,0,NA,NA,NA,NA,2022,MBNR
2022-03-23T07:23:34Z,2022-03-23T00:00:00Z,1899-12-30T07:21:59Z,1899-12-30T08:00:00Z,"KL, IS",MBN,MBNR5,TRES,-,1/0,0,0,NA,NA,NA,NA,2022,MBNR
2022-03-29T10:55:02Z,2022-03-29T00:00:00Z,1899-12-30T07:00:00Z,1899-12-30T00:00:00Z,KL,MBN,MBNR5,WEBL,-,1,0,0,NA,NA,NA,NA,2022,MBNR
2022-04-05T08:25:49Z,2022-04-05T00:00:00Z,1899-12-30T08:25:00Z,1899-12-30T09:00:00Z,VW,MBN,MBNR5,-,-,1,0,0,NA,NA,NA,NA,2022,MBNR
2022-04-26T12:33:23Z,2022-04-11T00:00:00Z,1899-12-30T12:30:00Z,1899-12-30T13:00:00Z,KL,MBN,MBNR5,WEBL,-,4,0,0,NA,NA,NA,NA,2022,MBNR
2022-04-12T07:35:21Z,2022-04-12T00:00:00Z,1899-12-30T07:30:00Z,1899-12-30T08:15:00Z,"SM, YW, KL, CP",MBN,MBNR5,?,-,1,0,0,Wasp removed,NA,NA,NA,2022,MBNR
2022-04-19T10:18:07Z,2022-04-19T00:00:00Z,1899-12-30T10:20:00Z,1899-12-30T10:50:00Z,CP,MBN,MBNR5,TRES?,0,2,0,0,NA,NA,NA,NA,2022,MBNR
2022-05-03T10:20:48Z,2022-05-03T00:00:00Z,1899-12-30T09:49:59Z,1899-12-30T10:30:00Z,KG,MBN,MBNR5,TRES,-,4/1,0,0,-,none,NA,NA,2022,MBNR
2022-05-10T11:06:33Z,2022-05-10T00:00:00Z,NA,NA,VW KL CP,MBN,MBNR5,TRES,-,4/10,1,0,NA,none,NA,NA,2022,MBNR
2022-05-17T10:35:41Z,2022-05-17T00:00:00Z,NA,NA,VW,NA,MBNR5,TRES,1 ON,4/6,5,0,NA,none,NA,NA,2022,MBNR
2022-05-26T10:17:14Z,2022-05-26T00:00:00Z,NA,NA,"KL, SM, YW",MBN,MBNR5,TRES,1 in,4/5,5,0,-,added loggers,NA,NA,2022,MBNR
2022-06-02T08:29:32Z,2022-06-02T00:00:00Z,NA,NA,SM CP KL,NA,MBNR5,TRES,1 in,4/5,0,5,NA,"female bleed, nestling measure 1","9, 11, 12, 9, 13",NA,2022,MBNR
2022-06-09T08:25:48Z,2022-06-09T00:00:00Z,NA,NA,KL,NA,MBNR5,TRES,-,4/5,0,0,1 dead nestling - pink,"removed loggers, removed camera",NA,1,2022,MBNR
2022-06-16T07:44:47Z,2022-06-16T00:00:00Z,NA,NA,KL,NA,MBNR5,WEBL,-,4,0,0,NA,none,NA,NA,2022,MBNR
2022-06-22T07:43:26Z,2022-06-22T00:00:00Z,NA,NA,"KL, YW",MBN,MBNR5,WEBL,-,4,0,0,-,none,NA,NA,2022,MBNR
2022-06-29T07:46:48Z,2022-06-29T00:00:00Z,NA,NA,KL,NA,MBNR5,TRES,-,4/5,0,0,NA,none,NA,NA,2022,MBNR
2022-07-05T11:17:31Z,2022-07-05T00:00:00Z,NA,NA,KL,NA,MBNR5,TRES,-,4/10,0,0,NA,none,NA,NA,2022,MBNR
2022-07-13T09:47:35Z,2022-07-13T00:00:00Z,NA,NA,CP,NA,MBNR5,TRES,0,4/5,0,0,NA,none,NA,NA,2022,MBNR
2022-07-19T10:20:18Z,2022-07-19T00:00:00Z,NA,NA,PGG,NA,MBNR5,WEBL,-,4,0,0,NA,none,NA,NA,2022,MBNR
2022-07-27T07:28:46Z,2022-07-27T00:00:00Z,1899-12-30T07:30:00Z,1899-12-30T08:30:00Z,SM,MBN,MBNR5,TRES,0,4/5,0,0,NA,none,NA,NA,2022,MBNR
2022-03-15T10:43:49Z,2022-03-15T00:00:00Z,1899-12-30T10:30:00Z,1899-12-30T11:00:00Z,"KL, CP, IS",PIC,PICG10,-,-,-,0,0,NA,NA,NA,NA,2022,PICG
2022-03-23T09:38:08Z,2022-03-23T00:00:00Z,1899-12-30T09:15:00Z,1899-12-30T09:45:00Z,"KL, IS",PIC,PICG10,TRES,2 on,-,0,0,NA,NA,NA,NA,2022,PICG
2022-03-29T09:03:26Z,2022-03-29T00:00:00Z,1899-12-30T07:00:00Z,1899-12-30T11:00:00Z,"KL,",PIC,PICG10,TRES,2 on,-,0,0,NA,NA,NA,NA,2022,PICG
2022-04-05T09:27:07Z,2022-04-05T00:00:00Z,1899-12-30T09:10:00Z,1899-12-30T09:30:00Z,KL,PIC,PICG10,-,-,-,0,0,NA,NA,NA,NA,2022,PICG
2022-04-12T11:03:23Z,2022-04-12T00:00:00Z,1899-12-30T11:00:00Z,1899-12-30T11:15:00Z,KG CP,PIC,PICG10,TRES?,-,1/4,0,0,-,NA,NA,NA,2022,PICG
2022-04-19T11:07:01Z,2022-04-19T00:00:00Z,1899-12-30T10:50:00Z,1899-12-30T11:15:00Z,"KL, AS",PIC,PICG10,TRES,1 near,2/10,0,0,NA,NA,NA,NA,2022,PICG
2022-05-01T12:24:56Z,2022-05-01T00:00:00Z,1899-12-30T12:00:00Z,1899-12-30T12:30:00Z,KG,PIC,PICG10,WEBL??,-,2/3,0,0,super weird hay nest,NA,NA,NA,2022,PICG
2022-05-05T10:39:26Z,2022-05-05T00:00:00Z,1899-12-30T10:30:00Z,1899-12-30T10:45:00Z,KG MZ VW,PIC,PICG10,-,-,3?,0,0,weird nest hay,none,NA,NA,2022,PICG
2022-05-13T10:07:50Z,2022-05-13T00:00:00Z,1899-12-30T09:40:00Z,1899-12-30T10:30:00Z,KL,PIC,PICG10,WEBL,-,3,0,0,NA,none,NA,NA,2022,PICG
2022-05-21T09:47:10Z,2022-05-21T00:00:00Z,NA,NA,KL,NA,PICG10,WEBL,-,4,0,0,NA,none,NA,NA,2022,PICG
2022-05-26T09:05:49Z,2022-05-26T00:00:00Z,NA,NA,KG PGG,PIC,PICG10,TRES,2 near,4/5,2,0,-,none,NA,NA,2022,PICG
2022-05-31T09:05:17Z,2022-05-31T00:00:00Z,NA,NA,VW PGG,NA,PICG10,TRES,1 IN,4/6,5,0,NA,none,NA,NA,2022,PICG
2022-06-07T09:10:57Z,2022-06-07T00:00:00Z,NA,NA,KL,PIC,PICG10,TRES,3 TRES flying near,4/15,4,0,NA,added loggers,NA,NA,2022,PICG
2022-06-14T10:35:44Z,2022-06-14T00:00:00Z,NA,NA,VW,NA,PICG10,TRES,1IN,4/8,0,4,NA,"female capture, female bleed, nestling measure 1, added camera","7,8,9,9",NA,2022,PICG
2022-06-21T10:17:26Z,2022-06-21T00:00:00Z,NA,NA,"KL, WY",NA,PICG10,TRES,2 near,4/10,0,4,Replaced battery,"nestling measure 2, nestling bleed 1",NA,NA,2022,PICG
2022-06-28T09:47:00Z,2022-06-28T00:00:00Z,NA,NA,KG,PIC,PICG10,skipped,skipped,skipped,NA,NA,-,skipped,NA,NA,2022,PICG
2022-07-06T10:07:22Z,2022-07-06T00:00:00Z,NA,NA,KG CP,PIC,PICG10,TRES,-,4/4,0,0,3 dead nestlings- unbanded i believe,"removed loggers, removed camera",NA,3,2022,PICG
2022-07-13T09:00:54Z,2022-07-13T00:00:00Z,NA,NA,KL,NA,PICG10,-,-,-,0,0,NA,none,NA,NA,2022,PICG
2022-07-21T08:58:05Z,2022-07-21T00:00:00Z,NA,NA,Kl,PIC,PICG10,0,0,0,0,0,Empty box,none,NA,NA,2022,PICG
NA,2022-07-27T00:00:00Z,NA,NA,KG VW,PIC,PICG10,-,-,-,0,0,empty nest cleared,NA,NA,NA,2022,PICG
2022-03-15T09:39:55Z,2022-03-15T00:00:00Z,1899-12-30T09:08:00Z,1899-12-30T09:30:00Z,"KL, IS, CP",PIC,PICO4,WEBL,1 female near,"3, 5 feathers",0,0,NA,NA,NA,NA,2022,PICO
2022-03-29T07:48:02Z,2022-03-29T00:00:00Z,1899-12-30T07:20:00Z,1899-12-30T08:00:00Z,KG,PIC,PICO4,WEBL,2 UB,4,5,0,loggers added !,NA,NA,NA,2022,PICO
2022-04-05T09:59:02Z,2022-04-05T00:00:00Z,1899-12-30T09:45:00Z,1899-12-30T10:15:00Z,"SM, VW, KL",PIC,PICO4,WEBL,1 in,4,5,0,F wouldnt leave box,NA,NA,NA,2022,PICO
2022-04-12T10:03:20Z,2022-04-12T00:00:00Z,1899-12-30T07:15:00Z,1899-12-30T10:30:00Z,"KL, VW",PIC,PICO4,WEBL,1 in 1 near,4,1,4,"Babies cold, will measure Thurs? Mother bled B001",NA,NA,NA,2022,PICO
2022-04-16T12:36:38Z,2022-04-16T00:00:00Z,1899-12-30T00:15:00Z,1899-12-30T00:45:00Z,"KL, KG, YW",PIC,PICO4,WEBL,2 near,4,1,3,"WC: 14,12,15",NA,"14,12,15",NA,2022,PICO
2022-04-27T14:37:34Z,2022-04-27T00:00:00Z,1899-12-30T13:00:00Z,1899-12-30T15:00:00Z,KL,PIC,PICO4,WEBL,2 near,4,1,3,"Banded, bled",NA,NA,NA,2022,PICO
2022-05-05T09:14:30Z,2022-05-05T00:00:00Z,NA,NA,"KL, SM, PGG",NA,PICO4,WEBL,-,4,1,0,NA,removed loggers,NA,NA,2022,PICO
2022-05-12T09:50:14Z,2022-05-12T00:00:00Z,NA,NA,"YW, KL, VW, VW",PIC,PICO4,WEBL,1near,-,0,0,-,none,NA,NA,2022,PICO
2022-05-18T08:17:17Z,2022-05-18T00:00:00Z,NA,NA,KG,PIC,PICO4,WEBL,1 WEBL male and 1 WEBL female near,4,6,0,NA,added loggers,NA,NA,2022,PICO
2022-05-24T10:27:09Z,2022-05-23T00:00:00Z,NA,NA,KL,NA,PICO4,WEBL,2 near,4,6,0,NA,none,NA,NA,2022,PICO
2022-05-31T09:50:01Z,2022-05-31T00:00:00Z,NA,NA,KG PGG VW,PIC,PICO4,WEBL,1 female near,4,2,3,hatch day- skipped m1 still needs to occur,none,6,NA,2022,PICO
2022-06-02T10:03:25Z,2022-06-02T00:00:00Z,1899-12-30T09:30:00Z,1899-12-30T10:30:00Z,KL,PIC,PICO4,WEBL,"1 WEBL female in, 1 WEBL male in",4,0,6,NA,nestling measure 1 add camera,"10, 7, 9, 7, 9, 11",NA,2022,PICO
2022-06-09T08:33:21Z,2022-06-09T00:00:00Z,NA,NA,SM CP KL,NA,PICO4,WEBL,-,4,0,6,NA,nestling measure 1,"10, 7,9, 7",NA,2022,PICO
2022-06-14T08:15:10Z,2022-06-14T00:00:00Z,NA,NA,VW,NA,PICO4,WEBL,-,-,0,0,1 fully fledged baby near box!,skipped,NA,1,2022,PICO
2022-06-21T07:42:31Z,2022-06-21T00:00:00Z,NA,NA,VW YW,NA,PICO4,-,-,-,0,0,Nothing heard,skipped,NA,NA,2022,PICO
2022-06-30T11:14:15Z,2022-06-30T00:00:00Z,NA,NA,VW YW,NA,PICO4,-,-,4,0,0,NA,"removed loggers, removed camera",NA,NA,2022,PICO
2022-07-06T07:56:38Z,2022-07-06T00:00:00Z,NA,NA,SM,NA,PICO4,TRES?,-,3/1,0,0,NA,none,NA,NA,2022,PICO
2022-07-12T09:01:52Z,2022-07-12T00:00:00Z,NA,NA,KL,NA,PICO4,WEBL,-,4,0,0,NA,none,NA,NA,2022,PICO
NA,2022-07-21T00:00:00Z,NA,NA,KG,PIC,PICO4,-,-,4,0,0,old nest,NA,NA,NA,2022,PICO
2022-07-27T09:24:07Z,2022-07-27T00:00:00Z,NA,NA,SM,PIC,PICO4,WEBL,-,4,0,0,Removed old nest,none,NA,NA,2022,PICO
2022-03-15T10:02:34Z,2022-03-15T00:00:00Z,1899-12-30T09:08:00Z,1899-12-30T09:30:00Z,"KL, IS, CP",PIC,PICR10,-,-,-,0,0,NA,NA,NA,NA,2022,PICR
2022-03-23T09:23:56Z,2022-03-23T00:00:00Z,1899-12-30T09:30:00Z,1899-12-30T10:00:00Z,KG RS,PIC,PICR10,TRES,0,0,0,0,NA,NA,NA,NA,2022,PICR
2022-03-29T08:23:24Z,2022-03-29T00:00:00Z,1899-12-30T08:15:00Z,1899-12-30T08:45:00Z,KG CP,PIC,PICR10,-,-,0,0,0,-,NA,NA,NA,2022,PICR
2022-03-29T08:16:49Z,2022-03-29T00:00:00Z,1899-12-30T08:15:00Z,1899-12-30T08:45:00Z,KG,PIC,PICR10,TRES,2 on top of box,1,0,0,NA,NA,NA,NA,2022,PICR
2022-04-05T09:51:13Z,2022-04-05T00:00:00Z,1899-12-30T09:45:00Z,1899-12-30T10:15:00Z,KL,PIC,PICR10,TRES,1 near,4/5,0,0,NA,NA,NA,NA,2022,PICR
2022-04-12T11:28:55Z,2022-04-12T00:00:00Z,1899-12-30T11:19:59Z,1899-12-30T00:00:00Z,VW,PIC,PICR10,TRES,1DIVE,4,0,0,"perfectly lined with tons of feathers, like a flower!",NA,NA,NA,2022,PICR
2022-04-19T11:42:25Z,2022-04-19T00:00:00Z,1899-12-30T11:41:00Z,1899-12-30T00:00:00Z,VW,PIC,PICR10,TRES,1 IN,4/10,3,0,NA,NA,NA,NA,2022,PICR
2022-04-26T11:56:17Z,2022-04-26T00:00:00Z,1899-12-30T11:50:00Z,1899-12-30T00:00:00Z,PGG KG VW,PIC,PICR10,TRES,1 IN,4/8,5,0,loggers need to be added but we had none,NA,NA,NA,2022,PICR
2022-04-28T11:27:19Z,2022-04-28T00:00:00Z,1899-12-30T11:19:59Z,1899-12-30T11:30:00Z,KG,PIC,PICR10,TRES,1 in 1 on,4/9,6,0,loggers added,NA,NA,NA,2022,PICR
2022-05-01T12:18:39Z,2022-05-01T00:00:00Z,1899-12-30T12:00:00Z,1899-12-30T12:30:00Z,KG,PIC,PICR10,TRES,1 in! thought she was dead but she was fine! left after a minute,4/6,5,0,loggers added!,NA,NA,NA,2022,PICR
2022-05-05T11:47:39Z,2022-05-05T00:00:00Z,NA,NA,KG MZ,PIC,PICR10,TRES,1 in,4-6,6,0,NA,none,NA,NA,2022,PICR
2022-05-12T10:28:02Z,2022-05-12T00:00:00Z,NA,NA,"PGG, YW, KG, SM",PIC,PICR10,TRES,1 on,4/10,0,6,-,measure 1,"12,13,8,12,14,12",NA,2022,PICR
2022-05-19T09:34:18Z,2022-05-19T00:00:00Z,NA,NA,VW,NA,PICR10,TRES,2 ON,4/7,0,5,"1 dead infant，orange color
figure out color of B 226. Could be purple or Green!","nestling measure 2, nestling band, nestling bleed 2",NA,1,2022,PICR
2022-05-24T08:32:21Z,2022-05-24T00:00:00Z,1899-12-30T07:50:00Z,NA,VW KL,NA,PICR10,TRES,2 ON,4/6,0,5,thought we need to band them today but we actually did that last week. Opened the box and grabbed them and freaked out because they are too big. Mom came to feed after they are back and they seemed to be ok.,none,NA,NA,2022,PICR
2022-05-31T10:15:07Z,2022-05-31T00:00:00Z,NA,NA,VW PGG KG,NA,PICR10,-,-,-,0,0,NA,skipped,NA,NA,2022,PICR
2022-06-07T08:15:40Z,2022-06-07T00:00:00Z,NA,NA,KL,NA,PICR10,TRES,-,4/5,0,0,Cleaned out nest,removed loggers,NA,NA,2022,PICR
2022-06-14T08:46:37Z,2022-06-14T00:00:00Z,NA,NA,VW,NA,PICR10,TRES,1 NEAR,4/1,5,0,NA,added loggers,NA,NA,2022,PICR
2022-06-21T08:44:26Z,2022-06-21T00:00:00Z,NA,NA,KL,NA,PICR10,TRES,2 near,4/10,5,0,NA,none,NA,NA,2022,PICR
2022-06-30T09:40:13Z,2022-06-30T00:00:00Z,NA,NA,"KL, YW, VW",NA,PICR10,TRES,-,4,0,3,-,"female capture, female bleed, nestling measure 1","9,11,7",NA,2022,PICR
2022-07-10T09:47:14Z,2022-07-10T00:00:00Z,NA,NA,KG,PIC,PICR10,TRES,2 near,4/4,0,3,-,"nestling band, nestling bleed 2",NA,NA,2022,PICR
2022-07-12T08:51:06Z,2022-07-12T00:00:00Z,NA,NA,VW KL,NA,PICR10,TRES,1 IN,-,0,0,NA,skipped,NA,NA,2022,PICR
NA,2022-07-21T00:00:00Z,NA,NA,KG,PIC,PICR10,TRES,-,4/8,0,0,loggers removed,NA,NA,NA,2022,PICR
2022-07-27T09:20:58Z,2022-07-27T00:00:00Z,NA,NA,KL,NA,PICR10,-,-,-,0,0,NA,none,NA,NA,2022,PICR
2022-03-15T10:12:10Z,2022-03-15T00:00:00Z,1899-12-30T10:00:00Z,1899-12-30T10:30:00Z,"KL, IS, CP",PIC,PICR8,-,-,-,0,0,"6 poops in box, one TRES overhead",NA,NA,NA,2022,PICR
2022-03-23T09:29:53Z,2022-03-23T00:00:00Z,1899-12-30T09:20:00Z,1899-12-30T09:49:59Z,KG RS,PIC,PICR8,WEBL?,-,-,0,0,-,NA,NA,NA,2022,PICR
2022-03-29T08:20:02Z,2022-03-29T00:00:00Z,1899-12-30T08:15:00Z,1899-12-30T08:45:00Z,KG,PIC,PICR8,WEBL,Male and female on box UB,2,0,0,NA,NA,NA,NA,2022,PICR
2022-04-05T09:52:52Z,2022-04-05T00:00:00Z,1899-12-30T09:45:00Z,1899-12-30T10:15:00Z,KL,PIC,PICR8,TRES,1 near,2/0,0,0,NA,NA,NA,NA,2022,PICR
2022-04-12T11:32:28Z,2022-04-12T00:00:00Z,1899-12-30T11:19:59Z,1899-12-30T11:40:00Z,VwlW,PIC,PICR8,TRES,2 on,2/2,0,0,NA,NA,NA,NA,2022,PICR
2022-04-19T11:44:59Z,2022-04-19T00:00:00Z,1899-12-30T11:40:00Z,1899-12-30T00:00:00Z,VW,PIC,PICR8,TRES,-,4/8,0,0,NA,NA,NA,NA,2022,PICR
2022-04-26T12:07:55Z,2022-04-26T00:00:00Z,1899-12-30T12:06:00Z,1899-12-30T12:10:00Z,BW,PIC,PICR8,TRES,-,4/5,4,0,NA,NA,NA,NA,2022,PICR
2022-05-01T12:09:06Z,2022-05-01T00:00:00Z,1899-12-30T12:00:00Z,1899-12-30T12:30:00Z,KG,PIC,PICR8,WEBL,1 dead,3,0,0,1 unbanded female dead in nest :(( face looked smashed,NA,NA,NA,2022,PICR
2022-05-05T11:46:19Z,2022-05-05T00:00:00Z,1899-12-30T11:44:00Z,1899-12-30T11:45:00Z,KG MZ,PIC,PICR8,TRES,1 near,4-6,5,0,NA,none,NA,NA,2022,PICR
2022-05-12T11:42:21Z,2022-05-12T00:00:00Z,NA,NA,KG PGG,PIC,PICR8,TRES,1 near,4/6,0,5,newly hatched,none,6,NA,2022,PICR
2022-05-19T09:08:28Z,2022-05-19T00:00:00Z,NA,NA,"KL, CP, VW",NA,PICR8,TRES,2 in,4/15,0,5,NA,"female capture, female bleed, nestling measure 2, nestling bleed 1, female fecal sample only","30,29,27,23,31",NA,2022,PICR
2022-05-24T09:08:29Z,2022-05-24T00:00:00Z,NA,NA,KL VW,NA,PICR8,TRES,1 IN,4/6,0,5,NA,"nestling measure 2, nestling band, nestling bleed 2",NA,NA,2022,PICR
2022-05-31T10:20:04Z,2022-05-31T00:00:00Z,NA,NA,"KG, VW, PGG",PIC,PICR8,TRES,0,skipped,0,0,“remove loggers” BUT —> no loggers on box? one baby sticking head out so we skipped!,skipped,NA,NA,2022,PICR
2022-06-07T08:08:48Z,2022-06-07T00:00:00Z,NA,NA,KL,NA,PICR8,TRES,-,4/2,0,0,1 dead chick- red paint; loggers already removed (?); cleaned out nest,none,NA,1,2022,PICR
2022-06-14T09:08:13Z,2022-06-14T00:00:00Z,NA,NA,KL,NA,PICR8,TRES,2 in,1/0,0,0,NA,none,NA,NA,2022,PICR
2022-06-21T08:44:20Z,2022-06-21T00:00:00Z,NA,NA,VW YW,NA,PICR8,WEBL,-,1,0,0,NA,none,NA,NA,2022,PICR
2022-06-30T07:44:52Z,2022-06-30T00:00:00Z,NA,NA,VW YW,NA,PICR8,WEBL,-,3,0,0,NA,none,NA,NA,2022,PICR
2022-07-06T09:48:33Z,2022-07-06T00:00:00Z,NA,NA,KL,NA,PICR8,WEBL,-,3,0,0,NA,none,NA,NA,2022,PICR
2022-07-12T08:52:05Z,2022-07-12T00:00:00Z,NA,NA,VW,NA,PICR8,WEBL,-,3,0,0,NA,none,NA,NA,2022,PICR
NA,2022-07-21T00:00:00Z,NA,NA,KG,PIC,PICR8,WEBL,-,4,0,0,old nest,NA,NA,NA,2022,PICR
2022-07-27T09:22:45Z,2022-07-27T00:00:00Z,NA,NA,KL,NA,PICR8,WEBL,-,3,0,0,NA,none,NA,NA,2022,PICR
2022-04-19T07:57:03Z,2022-04-19T00:00:00Z,1899-12-30T07:40:00Z,1899-12-30T08:15:00Z,"SM, VW, KG",RRR,RRRG44,TRES,2 flying,1/0,0,0,NA,NA,NA,NA,2022,RRRG
2022-04-26T08:08:05Z,2022-04-26T00:00:00Z,1899-12-30T07:40:00Z,1899-12-30T08:40:00Z,"YW, VW",RRR,RRRG44,TRES,1 near,4/5,0,0,NA,NA,NA,NA,2022,RRRG
2022-05-10T07:59:47Z,2022-05-10T00:00:00Z,1899-12-30T07:45:00Z,1899-12-30T09:00:00Z,KG PGG VW,RRR,RRRG44,TRES,1 in,4/12,6,0,-,none,NA,NA,2022,RRRG
2022-05-21T11:10:21Z,2022-05-21T00:00:00Z,NA,NA,KL,NA,RRRG44,TRES,1 in 1 near,4/20,0,6,NA,none,"13,12,11,10,11,9",NA,2022,RRRG
2022-05-24T10:14:48Z,2022-05-24T00:00:00Z,NA,NA,"YW,KG, PGG",RRR,RRRG44,TRES,-,4,0,6,NA,none,16,NA,2022,RRRG
2022-06-02T10:27:58Z,2022-06-02T00:00:00Z,NA,NA,KG PGG VW,RRR,RRRG44,TRES,2 near,4/18,0,3,skip next week!,none,NA,NA,2022,RRRG
2022-06-14T10:14:55Z,2022-06-14T00:00:00Z,NA,NA,CP,RRR,RRRG44,-,-,-,0,0,NA,skipped,NA,NA,2022,RRRG
2022-06-22T08:13:16Z,2022-06-22T00:00:00Z,NA,NA,VW,NA,RRRG44,WEBL,1 IN,4,5,0,over old TRES nest,none,NA,NA,2022,RRRG
2022-06-28T09:46:25Z,2022-06-28T00:00:00Z,NA,NA,KG PGG VW,RRR,RRRG44,WEBL,1 near,4/5- old TRES nest,0,0,no loggers added bc we have 4 at this site,none,NA,NA,2022,RRRG
2022-07-06T07:57:39Z,2022-07-06T00:00:00Z,NA,NA,CP,RRR,RRRG44,WEBL,1 WEBL female in,4,0,5,NA,none,"7,10",NA,2022,RRRG
NA,2022-07-19T00:00:00Z,NA,NA,KG YW,RRR,RRRG44,WEBL,1 male near,4,0,1,"2 dead nestlings on outside of nest, one alive nestling, so many ants in the nest :( dead nestlings removed and buried, may they rest in peace",NA,NA,2,2022,RRRG
NA,2022-07-27T00:00:00Z,NA,NA,KG VW,RRR,RRRG44,-,-,-,0,0,skipped,NA,NA,NA,2022,RRRG
2022-03-29T10:00:09Z,2022-03-29T00:00:00Z,1899-12-30T09:30:00Z,1899-12-30T10:00:00Z,"VW, YW",RRR,RRRG9,WEBL,a pair on box,-,0,0,NA,NA,NA,NA,2022,RRRG
2022-04-05T11:01:03Z,2022-04-05T00:00:00Z,1899-12-30T10:30:00Z,1899-12-30T11:19:59Z,VW,RRR,RRRG9,-,-,-,0,0,"nail missing, door opened",NA,NA,NA,2022,RRRG
2022-04-12T10:27:28Z,2022-04-12T00:00:00Z,1899-12-30T10:15:00Z,1899-12-30T10:45:00Z,SM,RRR,RRRG9,TRES,0,2,0,0,NA,NA,NA,NA,2022,RRRG
2022-04-19T08:09:51Z,2022-04-19T00:00:00Z,1899-12-30T07:40:00Z,1899-12-30T08:10:00Z,KG SM CW,RRR,RRRG9,TRES,1 in 1 on,4/4,0,0,-,NA,NA,NA,2022,RRRG
2022-04-26T08:17:31Z,2022-04-26T00:00:00Z,1899-12-30T07:40:00Z,1899-12-30T08:40:00Z,"YW, VW",RRR,RRRG9,TRES,1in,4,6,0,NA,NA,NA,NA,2022,RRRG
2022-05-10T08:08:54Z,2022-05-10T00:00:00Z,1899-12-30T07:50:00Z,1899-12-30T08:19:59Z,"YW, KG, PGG",RRR,RRRG9,TRES,1 in,4,1,4,nestlings very tiny,none,NA,NA,2022,RRRG
2022-05-21T11:06:38Z,2022-05-21T00:00:00Z,NA,NA,KG KL,RRR,RRRG9,TRES,2 near,4/4,0,5,did not check wing chord or nestling count because they felt big! just peaked and closed box,none,NA,NA,2022,RRRG
2022-06-09T07:00:26Z,2022-06-09T00:00:00Z,NA,NA,KG PGG,RRR,RRRG9,TRES,-,4/15,0,0,dead nestlings,none,NA,6,2022,RRRG
2022-06-14T10:29:04Z,2022-06-14T00:00:00Z,NA,NA,CP,RRR,RRRG9,WEBL,1 TRES on top,4,1,0,NA,none,NA,NA,2022,RRRG
2022-06-22T08:20:40Z,2022-06-22T00:00:00Z,NA,NA,VW,NA,RRRG9,WEBL,-,4,5,0,-,loggers added,NA,NA,2022,RRRG
2022-06-28T09:14:24Z,2022-06-28T00:00:00Z,NA,NA,VW,NA,RRRG9,WEBL,-,4,5,0,Has loggers,none,NA,NA,2022,RRRG
2022-07-05T11:35:52Z,2022-07-05T00:00:00Z,NA,NA,KG PGG,RRR,RRRG9,WEBL,2 near,4,1,3,one dead tiny nestling on outside of nest,nestling measure 1,NA,NA,2022,RRRG
NA,2022-07-13T00:00:00Z,NA,NA,KG VW,RRR,RRRG9,TRES,2 near,4/4,0,3,bled and banded,bled and banded,NA,NA,2022,RRRG
NA,2022-07-19T00:00:00Z,NA,NA,KG YW,RRR,RRRG9,WEBL,-,-,0,0,skipped,remove loggers NEXT week,NA,NA,2022,RRRG
NA,2022-07-27T00:00:00Z,NA,NA,KG VW,RRR,RRRG9,-,-,-,0,0,loggers removed,loggers removed,NA,NA,2022,RRRG
2022-03-15T12:08:21Z,2022-03-15T00:00:00Z,1899-12-30T11:54:00Z,1899-12-30T00:20:00Z,CP,RRR,RRRR1,-,1 TRES foraging far overhead (>100m),-,0,0,NA,NA,NA,NA,2022,RRRR
2022-03-23T08:37:17Z,2022-03-23T00:00:00Z,1899-12-30T08:30:00Z,1899-12-30T09:00:00Z,KG RS,RRR,RRRR1,-,-,-,0,0,-,NA,NA,NA,2022,RRRR
2022-03-29T09:40:17Z,2022-03-29T00:00:00Z,1899-12-30T09:40:00Z,1899-12-30T10:10:00Z,CP,RRR,RRRR1,WEBL?,WEBL male and female both UB on box,1,0,0,NA,NA,NA,NA,2022,RRRR
2022-04-07T08:08:32Z,2022-04-07T00:00:00Z,1899-12-30T08:06:59Z,1899-12-30T08:30:00Z,VW,RRR,RRRR1,TRES?,2 CHASING ME,1,0,0,NA,NA,NA,NA,2022,RRRR
2022-04-12T09:52:20Z,2022-04-12T00:00:00Z,1899-12-30T09:45:00Z,1899-12-30T10:15:00Z,"CP, YW, KG, SM",RRR,RRRR1,WEBL,2 nearby,3,0,0,NA,NA,NA,NA,2022,RRRR
2022-04-19T08:30:39Z,2022-04-19T00:00:00Z,1899-12-30T08:30:00Z,1899-12-30T08:45:00Z,"SM, VW, KG",RRR,RRRR1,WEBL,-,4,2,0,NA,NA,NA,NA,2022,RRRR
2022-04-26T08:47:02Z,2022-04-26T00:00:00Z,1899-12-30T08:45:00Z,1899-12-30T09:10:00Z,VW PGG,RRR,RRRR1,WEBL,-,4,5,0,NA,NA,NA,NA,2022,RRRR
2022-05-03T11:18:45Z,2022-05-03T00:00:00Z,1899-12-30T11:19:59Z,1899-12-30T00:30:00Z,KG,RRR,RRRR1,WEBL,1 WEBL female inside,4,5,0,NA,added loggers,NA,NA,2022,RRRR
2022-05-10T10:00:54Z,2022-05-10T00:00:00Z,NA,NA,"YW, KG, PGG",RRR,RRRR1,WEBL,-,4,0,3,-,none,NA,NA,2022,RRRR
2022-05-19T10:23:08Z,2022-05-18T00:00:00Z,NA,NA,KG PGG,RRR,RRRR1,WEBL,2 near,4,0,3,-,"nestling measure 2, nestling bleed 1",NA,NA,2022,RRRR
2022-05-24T07:58:37Z,2022-05-24T00:00:00Z,NA,NA,"KG, PGG, YW",RRR,RRRR1,WEBL,1 on,4,0,1,2 nestlings dead - just the one banded,none,43,2,2022,RRRR
2022-06-02T09:21:49Z,2022-06-02T00:00:00Z,NA,NA,VW KG PGG,NA,RRRR1,-,-,-,0,0,skipped， didn't hear anything,skipped,NA,NA,2022,RRRR
2022-06-07T10:20:14Z,2022-06-07T00:00:00Z,NA,NA,KG VW PGG,NA,RRRR1,WEBL,-,4,0,0,fledged,removed loggers,NA,NA,2022,RRRR
2022-06-14T09:19:22Z,2022-06-14T00:00:00Z,NA,NA,PGG,RRR,RRRR1,WEBL,1 WEBL female near,4,0,0,NA,none,NA,NA,2022,RRRR
2022-06-21T09:47:23Z,2022-06-21T00:00:00Z,NA,NA,KG CP MZ,RRR,RRRR1,WEBL,-,4,0,0,old nest,none,NA,NA,2022,RRRR
2022-06-30T08:07:55Z,2022-06-30T00:00:00Z,1899-12-30T08:05:00Z,1899-12-30T09:00:00Z,PGG SM,RRR,RRRR1,-,-,-,0,0,NA,none,NA,NA,2022,RRRR
2022-07-06T09:21:27Z,2022-07-06T00:00:00Z,NA,NA,KG CP,RRR,RRRR1,WEBL,-,4,0,0,old nest,none,NA,NA,2022,RRRR
2022-07-12T10:09:53Z,2022-07-12T00:00:00Z,NA,NA,"YW, KG",RRR,RRRR1,WEBL,-,4,0,0,old nest,none,NA,NA,2022,RRRR
NA,2022-07-27T00:00:00Z,NA,NA,KG VW,RRR,RRRR1,-,-,-,0,0,empty,NA,NA,NA,2022,RRRR
2022-03-15T12:04:30Z,2022-03-15T00:00:00Z,1899-12-30T11:54:00Z,1899-12-30T00:20:00Z,CP,RRR,RRRR2,TRES,1 TRES foraging overhead,1,0,0,NA,NA,NA,NA,2022,RRRR
2022-03-23T08:38:03Z,2022-03-23T00:00:00Z,1899-12-30T08:30:00Z,1899-12-30T09:00:00Z,KG RS,RRR,RRRR2,TRES?,2 near,0.1,0,0,-,NA,NA,NA,2022,RRRR
2022-03-29T09:43:13Z,2022-03-29T00:00:00Z,1899-12-30T09:40:00Z,1899-12-30T10:10:00Z,CP,RRR,RRRR2,WEBL,"1 WEBL female UB flew out from inside, 5 TRES flying near",2,0,0,NA,NA,NA,NA,2022,RRRR
2022-04-07T08:12:08Z,2022-04-06T00:00:00Z,1899-12-30T08:10:00Z,1899-12-30T08:30:00Z,VW,RRR,RRRR2,WEBL,1 FEMALE ON,4,0,0,NA,NA,NA,NA,2022,RRRR
2022-04-12T09:50:28Z,2022-04-12T00:00:00Z,1899-12-30T09:45:00Z,1899-12-30T10:15:00Z,KG SM,RRR,RRRR2,WEBL,1 female near,4,5,0,loggers added,NA,NA,NA,2022,RRRR
2022-04-19T08:33:55Z,2022-04-19T00:00:00Z,1899-12-30T08:15:00Z,1899-12-30T08:30:00Z,"SM, VW, KG",RRR,RRRR2,WEBL,2 nearby,4,6,0,NA,NA,NA,NA,2022,RRRR
2022-04-26T08:48:35Z,2022-04-26T00:00:00Z,1899-12-30T08:45:00Z,1899-12-30T09:10:00Z,PGG VW,RRR,RRRR2,WEBL,-,4,6,0,NA,NA,NA,NA,2022,RRRR
2022-05-03T11:27:34Z,2022-05-03T00:00:00Z,1899-12-30T11:19:59Z,1899-12-30T11:19:59Z,VW KG PGG CP,RRR,RRRR2,TRES？,-,4,0,5,did not measure baby because they are too cold and seemed dry,none,NA,NA,2022,RRRR
2022-05-05T08:54:19Z,2022-05-05T00:00:00Z,1899-12-30T08:40:00Z,1899-12-30T09:30:00Z,KG VW MZ,RRR,RRRR2,TRES,-,4/6,5,0,-,none,NA,NA,2022,RRRR
2022-05-10T10:08:15Z,2022-05-10T00:00:00Z,NA,NA,"YW, KG, PGG",RRR,RRRR2,WEBL,-,4,0,5,nestlings die,none,NA,NA,2022,RRRR
2022-05-19T10:03:46Z,2022-05-18T00:00:00Z,NA,NA,KG PGG,RRR,RRRR2,WEBL,2 near,4,1,0,-,none,NA,NA,2022,RRRR
2022-05-24T13:16:53Z,2022-05-24T00:00:00Z,NA,NA,KG PGG YW,RRR,RRRR2,WEBL,1 near,4,NA,NA,skipped - assumed eggs- maybe loggers next week ?,none,NA,NA,2022,RRRR
2022-06-02T09:25:32Z,2022-06-02T00:00:00Z,NA,NA,PGG KG VW,NA,RRRR2,WEBL,-,4,5,0,NA,added loggers,NA,NA,2022,RRRR
2022-06-07T10:19:22Z,2022-06-07T00:00:00Z,NA,NA,KG PGG VW,RRR,RRRR2,WEBL,2 near,4,0,4,-,none,NA,NA,2022,RRRR
2022-06-14T08:53:12Z,2022-06-14T00:00:00Z,1899-12-30T08:50:00Z,1899-12-30T09:30:00Z,PGG,RRR,RRRR2,WEBL,1 WEBL female near,4,0,4,NA,none,21,NA,2022,RRRR
2022-06-21T10:05:34Z,2022-06-21T00:00:00Z,NA,NA,KG CP MZ,RRR,RRRR2,TRES,2 near,4/4,NA,NA,skipped - loggers still on,none,NA,NA,2022,RRRR
2022-06-30T08:09:25Z,2022-06-30T00:00:00Z,1899-12-30T08:05:00Z,1899-12-30T09:00:00Z,PGG SM,NA,RRRR2,WEBL,-,4,0,0,NA,removed loggers,NA,NA,2022,RRRR
2022-07-06T09:18:41Z,2022-07-06T00:00:00Z,NA,NA,KG CP,RRR,RRRR2,WEBL,-,4,0,0,1 dead nestling could not decipher the band,none,NA,1,2022,RRRR
2022-07-12T10:10:57Z,2022-07-12T00:00:00Z,NA,NA,"YW, KG",RRR,RRRR2,-,-,-,0,0,-,none,NA,NA,2022,RRRR
NA,2022-07-27T00:00:00Z,NA,NA,KG VW,RRR,RRRR2,-,-,-,0,0,empty,NA,NA,NA,2022,RRRR
2022-03-15T11:55:13Z,2022-03-15T00:00:00Z,1899-12-30T11:54:00Z,1899-12-30T00:20:00Z,CP,RRR,RRRR5,TRES,3 TRES on power line 20m away,2,0,0,NA,NA,NA,NA,2022,RRRR
2022-03-23T08:44:18Z,2022-03-23T00:00:00Z,1899-12-30T08:30:00Z,1899-12-30T09:00:00Z,KG RS,RRR,RRRR5,TRES,2 on,1,0,0,-,NA,NA,NA,2022,RRRR
2022-03-29T09:53:00Z,2022-03-29T00:00:00Z,1899-12-30T09:40:00Z,1899-12-30T10:10:00Z,CP,RRR,RRRR5,TRES,"4 TRES flying near, 1 female WEBL UB on top",2,0,0,NA,NA,NA,NA,2022,RRRR
2022-04-07T08:19:27Z,2022-04-07T00:00:00Z,1899-12-30T08:10:00Z,1899-12-30T08:19:59Z,VW,RRR,RRRR5,TRES？,2 NEAR,3,0,0,NA,NA,NA,NA,2022,RRRR
2022-04-12T09:44:45Z,2022-04-12T00:00:00Z,1899-12-30T09:45:00Z,1899-12-30T10:15:00Z,"CP, YW, KG, SM",RRR,RRRR5,WEBL,1 nearby,4,4,0,NA,NA,NA,NA,2022,RRRR
2022-04-19T08:42:55Z,2022-04-19T00:00:00Z,1899-12-30T08:30:00Z,1899-12-30T08:45:00Z,KG SM VW,RRR,RRRR5,WEBL,1 male above 1 female in,4,5,0,loggers added,NA,NA,NA,2022,RRRR
2022-04-26T08:55:35Z,2022-04-26T00:00:00Z,1899-12-30T08:45:00Z,1899-12-30T09:10:00Z,PGG VW,RRR,RRRR5,WEBL,1 NEAR,4,5,0,NA,NA,NA,NA,2022,RRRR
2022-05-03T11:43:23Z,2022-05-03T00:00:00Z,1899-12-30T11:19:59Z,1899-12-30T11:50:00Z,KG VW PGG CP,RRR,RRRR5,WEBL,1 female in,4,0,5,a little dry :(,"nestling measure 1, WC: 11,12,13,12,13","11,12,13,12,13",NA,2022,RRRR
2022-05-09T10:29:59Z,2022-05-09T00:00:00Z,NA,NA,KL,NA,RRRR5,WEBL,1 near,4,0,0,5 dead nestlings,removed loggers,NA,5,2022,RRRR
2022-05-19T10:09:39Z,2022-05-18T00:00:00Z,NA,NA,KG PGG,RRR,RRRR5,WEBL,-,4,0,0,-,none,NA,NA,2022,RRRR
2022-05-24T13:18:54Z,2022-05-24T00:00:00Z,NA,NA,KG PGG YW,RRR,RRRR5,WEBL,-,-,NA,NA,skipped- empty last week- check again next week,none,NA,NA,2022,RRRR
2022-06-02T09:41:13Z,2022-06-02T00:00:00Z,NA,NA,KG PGG VW,RRR,RRRR5,TRES,2 near,4/1,0,0,-,none,NA,NA,2022,RRRR
2022-06-07T10:26:52Z,2022-06-07T00:00:00Z,NA,NA,KG PGG VW,RRR,RRRR5,TRES,2 near,4/3,0,0,-,none,NA,NA,2022,RRRR
2022-06-14T09:04:44Z,2022-06-14T00:00:00Z,NA,NA,PGG,RRR,RRRR5,WEBL,0,0,0,0,NA,none,NA,NA,2022,RRRR
2022-06-21T09:40:56Z,2022-06-21T00:00:00Z,NA,NA,KG CP VW,RRR,RRRR5,WEBL,-,4,0,0,old nest,none,NA,NA,2022,RRRR
2022-06-30T08:27:28Z,2022-06-30T00:00:00Z,1899-12-30T08:05:00Z,1899-12-30T09:00:00Z,PGG SM,NA,RRRR5,WEBL,-,4,0,0,NA,none,NA,NA,2022,RRRR
2022-07-06T09:13:41Z,2022-07-06T00:00:00Z,NA,NA,KG CP,RRR,RRRR5,WEBL,-,4,0,0,old nest,none,NA,NA,2022,RRRR
2022-07-12T10:26:14Z,2022-07-12T00:00:00Z,NA,NA,"YW, KG",RRR,RRRR5,TRES,-,4,0,0,old nest,none,NA,NA,2022,RRRR
NA,2022-07-27T00:00:00Z,NA,NA,KG VW,RRR,RRRR5,-,-,-,0,0,"wasps nest, cleared",NA,NA,NA,2022,RRRR
2023-04-01T14:00:22Z,2023-04-01T00:00:00Z,1899-12-30T13:50:00Z,1899-12-30T14:30:00Z,KL,MBN,MBNG6,-,-,-,0,0,NA,none,NA,NA,2023,MBNG
2023-04-04T10:59:05Z,2023-04-04T00:00:00Z,1899-12-30T10:57:00Z,1899-12-30T11:15:00Z,"YZ, RK",NA,MBNG6,TRES,2,0,0,0,2 adults nearby,none,NA,NA,2023,MBNG
2023-04-13T08:24:44Z,2023-04-13T00:00:00Z,NA,1899-12-30T08:50:00Z,"RK, KL, YZ",NA,MBNG6,TRES,1 on top,0,0,0,NA,none,NA,NA,2023,MBNG
2023-04-18T10:26:50Z,2023-04-18T00:00:00Z,NA,NA,KL,NA,MBNG6,TRES,1 on,2/0,0,0,NA,none,NA,NA,2023,MBNG
2023-04-18T10:35:57Z,2023-04-18T00:00:00Z,1899-12-30T10:34:59Z,1899-12-30T10:45:00Z,YZ,NA,MBNG6,TRES,3 nearby,3,0,0,NA,none,NA,NA,2023,MBNG
2023-04-27T08:28:50Z,2023-04-27T00:00:00Z,NA,NA,KL,NA,MBNG6,TRES,-,4/5,0,0,NA,none,NA,NA,2023,MBNG
2023-05-04T08:38:26Z,2023-05-04T00:00:00Z,1899-12-30T08:37:00Z,1899-12-30T08:50:00Z,YZ,NA,MBNG6,TRES,1 inside,4/10,5,0,NA,added loggers,NA,NA,2023,MBNG
2023-05-09T11:24:55Z,2023-05-09T00:00:00Z,1899-12-30T11:23:00Z,1899-12-30T11:40:00Z,YZ,NA,MBNG6,TRES,"1 on top, 1 nearby",4/10,5,0,NA,removed loggers,NA,NA,2023,MBNG
2023-06-15T09:13:48Z,2023-06-15T00:00:00Z,1899-12-30T09:10:00Z,NA,"KL, RK, YZ",NA,MBNG6,TRES,0,4/30,4,0,NA,added loggers,NA,NA,2023,MBNG
2023-06-20T11:36:03Z,2023-06-20T00:00:00Z,1899-12-30T11:19:59Z,1899-12-30T11:40:00Z,"KL, RK, YZ",NA,MBNG6,TRES,2 nearby,4/20,4,0,NA,none,NA,NA,2023,MBNG
2023-06-28T09:48:08Z,2023-06-28T00:00:00Z,NA,NA,KL,NA,MBNG6,TRES,1 in,4/20,4,0,NA,none,NA,NA,2023,MBNG
2023-07-06T11:43:32Z,2023-07-06T00:00:00Z,1899-12-30T11:15:00Z,1899-12-30T11:45:00Z,"KL, RK",NA,MBNG6,TRES,2 in,4/20,0,4,NA,"female capture, female bleed, nestling measure 1","19, 22, 20, 24",NA,2023,MBNG
2023-07-12T08:38:35Z,2023-07-12T00:00:00Z,NA,NA,KL,NA,MBNG6,TRES,2 near,4/10,0,4,NA,"nestling band, nestling bleed 2",NA,NA,2023,MBNG
2023-08-02T08:46:52Z,2023-08-02T00:00:00Z,1899-12-30T08:40:00Z,1899-12-30T08:45:00Z,"RK, YZ",NA,MBNG6,TRES,0,4/20,0,0,1 dead baby inside,"removed loggers, removed camera",NA,1,2023,MBNG
2023-04-01T14:03:44Z,2023-04-01T00:00:00Z,1899-12-30T13:50:00Z,1899-12-30T14:30:00Z,KL,MBN,MBNG9,WEBL,-,4,0,0,NA,none,NA,NA,2023,MBNG
2023-04-04T11:02:51Z,2023-04-04T00:00:00Z,1899-12-30T11:00:00Z,1899-12-30T11:15:00Z,"RK, YZ",NA,MBNG9,TRES,5 nearby,4,0,0,NA,none,NA,NA,2023,MBNG
2023-04-13T08:27:11Z,2023-04-13T00:00:00Z,1899-12-30T08:27:00Z,1899-12-30T08:50:00Z,RK,NA,MBNG9,TRES,2 nearby,4/5,0,0,NA,none,NA,NA,2023,MBNG
2023-04-18T10:28:49Z,2023-04-18T00:00:00Z,NA,NA,KL,NA,MBNG9,TRES,1 near,4/0,0,0,NA,none,NA,NA,2023,MBNG
2023-04-27T08:32:22Z,2023-04-27T00:00:00Z,NA,NA,KL,NA,MBNG9,TRES,2 near,4/10,5,0,NA,added loggers,NA,NA,2023,MBNG
2023-05-04T08:47:02Z,2023-05-04T00:00:00Z,1899-12-30T08:46:00Z,1899-12-30T08:50:00Z,YZ,NA,MBNG9,TRES,2 nearby,4/15,5,0,NA,none,NA,NA,2023,MBNG
2023-05-09T11:31:31Z,2023-05-09T00:00:00Z,1899-12-30T11:29:00Z,1899-12-30T11:40:00Z,YZ,NA,MBNG9,TRES,2 nearby,4/5,0,5,NA,removed loggers,"8, 8, 8, 8, 9",NA,2023,MBNG
2023-06-28T10:06:51Z,2023-06-28T00:00:00Z,1899-12-30T09:45:00Z,1899-12-30T10:00:00Z,RK,NA,MBNG9,TRES,0,4/20,3,0,NA,added loggers,NA,NA,2023,MBNG
2023-07-06T11:41:52Z,2023-07-06T00:00:00Z,1899-12-30T11:15:00Z,1899-12-30T11:45:00Z,"KL, RK",NA,MBNG9,TRES,2 in,4/20,0,3,NA,"female capture, female bleed, nestling measure 1","15, 16, 20",NA,2023,MBNG
2023-07-12T08:09:36Z,2023-07-12T00:00:00Z,1899-12-30T08:00:00Z,1899-12-30T08:05:00Z,"KL, RK",MBNG,MBNG9,TRES,0,4/15,0,0,"2 dead nestlings in nest, 1 was well developed","removed loggers, removed camera",NA,2,2023,MBNG
2023-04-01T12:51:36Z,2023-04-01T00:00:00Z,1899-12-30T12:45:00Z,1899-12-30T13:30:00Z,KL,PIC,PICG2,TRES,1 near,1/5,0,0,NA,none,NA,NA,2023,PICG
2023-04-04T09:29:26Z,2023-04-04T00:00:00Z,1899-12-30T09:25:00Z,1899-12-30T09:40:00Z,"RK, YZ",PIC,PICG2,TRES,2 on top of the box,1,0,0,NA,none,NA,NA,2023,PICG
2023-04-11T09:54:11Z,2023-04-11T00:00:00Z,1899-12-30T09:49:59Z,1899-12-30T10:10:00Z,"RK, YZ",NA,PICG2,TRES,2 nearby,3/2,0,0,NA,none,NA,NA,2023,PICG
2023-04-18T08:58:54Z,2023-04-18T00:00:00Z,1899-12-30T08:57:00Z,1899-12-30T09:10:00Z,"RK, YZ",NA,PICG2,TRES,1 on top,4/20,0,0,NA,none,NA,NA,2023,PICG
2023-04-25T09:29:40Z,2023-04-25T00:00:00Z,1899-12-30T09:28:00Z,1899-12-30T09:40:00Z,"RK, YZ",NA,PICG2,TRES,2 nearby,4/15,1,0,NA,none,NA,NA,2023,PICG
2023-05-02T10:03:38Z,2023-05-02T00:00:00Z,1899-12-30T10:02:00Z,1899-12-30T10:45:00Z,"RK, YZ",NA,PICG2,TRES,0,4/25,4,0,NA,added loggers,NA,NA,2023,PICG
2023-05-11T09:11:10Z,2023-05-11T00:00:00Z,1899-12-30T09:10:00Z,1899-12-30T09:30:00Z,"RK, YZ",NA,PICG2,TRES,1 nearby,4/35,4,0,NA,none,NA,NA,2023,PICG
2023-05-18T08:03:54Z,2023-05-18T00:00:00Z,1899-12-30T07:30:00Z,1899-12-30T08:15:00Z,"RK, YZ",NA,PICG2,TRES,1 female,4/35,0,4,NA,"female capture, female bleed, nestling measure 1, added camera","16, 21, 22, 22",NA,2023,PICG
2023-05-23T12:01:52Z,2023-05-23T00:00:00Z,1899-12-30T11:00:00Z,1899-12-30T11:30:00Z,"KL, RK, YZ",NA,PICG2,TRES,1 nearby,4/30,0,4,NA,"nestling measure 2, nestling band, nestling bleed 2","51, 44, 50, 49",NA,2023,PICG
2023-06-13T11:23:13Z,2023-06-13T00:00:00Z,1899-12-30T11:00:00Z,1899-12-30T11:30:00Z,"RK, YZ",NA,PICG2,-,0,4/20,0,0,NA,"removed loggers, removed camera",NA,NA,2023,PICG
2023-06-24T09:46:27Z,2023-06-24T00:00:00Z,NA,NA,KL,NA,PICG2,TRES,1 in,4/35,4,0,NA,added loggers,NA,NA,2023,PICG
2023-06-29T11:35:40Z,2023-06-29T00:00:00Z,1899-12-30T11:00:00Z,1899-12-30T11:15:00Z,"KL, RK, YZ",NA,PICG2,TRES,1 in,4/20,0,4,NA,"female capture, female bleed, nestling measure 1, added camera","7,7,7,7",NA,2023,PICG
2023-07-04T10:09:57Z,2023-07-04T00:00:00Z,NA,NA,KL,NA,PICG2,TRES,-,4/15,0,4,NA,nestling measure 2,NA,NA,2023,PICG
2023-07-18T10:44:36Z,2023-07-18T00:00:00Z,NA,NA,"KL, YZ",NA,PICG2,TRES,-,Skipped,NA,NA,Dead nestling near box 2881-65934,skipped,NA,1,2023,PICG
2023-08-02T12:02:32Z,2023-08-02T00:00:00Z,1899-12-30T11:45:00Z,1899-12-30T12:00:00Z,RK,NA,PICG2,TRES,0,4/10,0,0,nest removed,"removed loggers, removed camera",NA,NA,2023,PICG
2023-04-01T12:57:05Z,2023-04-01T00:00:00Z,1899-12-30T12:45:00Z,1899-12-30T13:30:00Z,KL,PIC,PICG4,TRES,1 in 1 near,1/2,0,0,NA,none,NA,NA,2023,PICG
2023-04-04T09:33:24Z,2023-04-04T00:00:00Z,1899-12-30T09:30:00Z,1899-12-30T09:40:00Z,"RK, YZ",PIC,PICG4,TRES,"1 on top of the box, 1 nearby",1,0,0,NA,none,NA,NA,2023,PICG
2023-04-11T09:58:49Z,2023-04-11T00:00:00Z,1899-12-30T09:55:00Z,1899-12-30T10:10:00Z,"RK, YZ",NA,PICG4,TRES,"1 on top, 1 inside",4/1,0,0,NA,none,NA,NA,2023,PICG
2023-04-18T09:03:55Z,2023-04-18T00:00:00Z,1899-12-30T09:00:00Z,1899-12-30T09:10:00Z,"RK, YZ",NA,PICG4,TRES,3 nearby,4/5,0,0,NA,none,NA,NA,2023,PICG
2023-04-25T09:33:38Z,2023-04-25T00:00:00Z,1899-12-30T09:32:00Z,1899-12-30T09:40:00Z,"RK, YZ",NA,PICG4,TRES,"1 inside, 1 nearby",4/5,4,0,NA,none,NA,NA,2023,PICG
2023-05-02T10:11:24Z,2023-05-02T00:00:00Z,1899-12-30T10:08:59Z,1899-12-30T10:45:00Z,"RK, YZ",NA,PICG4,TRES,"1 TRES nearby, 1 WEBL nearby",4,6,0,NA,added loggers,NA,NA,2023,PICG
2023-05-11T09:15:34Z,2023-05-11T00:00:00Z,1899-12-30T09:15:00Z,1899-12-30T09:30:00Z,"RK, YZ",NA,PICG4,TRES,0,4/15,1,5,NA,removed loggers,NA,NA,2023,PICG
2023-06-13T11:22:23Z,2023-06-13T00:00:00Z,1899-12-30T11:00:00Z,1899-12-30T11:30:00Z,"RK, YZ",NA,PICG4,TRES,1 in,4/30,5,0,NA,added loggers,NA,NA,2023,PICG
2023-06-24T09:15:37Z,2023-06-24T00:00:00Z,NA,NA,KL,NA,PICG4,TRES,1 in 1 near,4/25,0,5,NA,"female capture, female bleed, nestling measure 1, added camera","7,7,6,7,6",NA,2023,PICG
2023-06-29T11:37:53Z,2023-06-29T00:00:00Z,1899-12-30T11:00:00Z,1899-12-30T11:15:00Z,"KL, RK, YZ",NA,PICG4,TRES,1 near,4/20,0,5,NA,"nestling measure 2, nestling bleed 1",NA,NA,2023,PICG
2023-07-04T10:10:09Z,2023-07-04T00:00:00Z,1899-12-30T09:45:00Z,1899-12-30T10:15:00Z,"KL, RK, YZ",NA,PICG4,TRES,1 near,4/15,0,5,NA,"nestling band, nestling bleed 2",NA,NA,2023,PICG
2023-07-18T10:41:52Z,2023-07-18T00:00:00Z,NA,NA,KL,NA,PICG4,TRES,-,3/10,0,0,"2 dead nestlings : 2881-65923, 2881-65926","removed loggers, removed camera",NA,2,2023,PICG
2023-04-01T11:50:14Z,2023-04-01T00:00:00Z,1899-12-30T11:48:00Z,1899-12-30T12:15:00Z,KL,PIC,PICO1,WEBL,-,4,0,0,NA,none,NA,NA,2023,PICO
2023-04-04T08:26:27Z,2023-04-04T00:00:00Z,1899-12-30T08:19:59Z,1899-12-30T08:40:00Z,"KL,RK,YZ",PIC,PICO1,WEBL,1 near,4,1,0,NA,none,NA,NA,2023,PICO
2023-04-11T08:34:21Z,2023-04-11T00:00:00Z,1899-12-30T08:30:00Z,1899-12-30T08:50:00Z,YZ,NA,PICO1,WEBL,1 nearby,4,5,0,NA,none,NA,NA,2023,PICO
2023-04-18T08:19:42Z,2023-04-18T00:00:00Z,1899-12-30T08:14:00Z,1899-12-30T08:50:00Z,"RK, YZ",NA,PICO1,WEBL,2 nearby,4,5,0,NA,added loggers,NA,NA,2023,PICO
2023-05-02T09:21:29Z,2023-05-02T00:00:00Z,1899-12-30T08:15:00Z,1899-12-30T09:17:59Z,"KL, YZ",NA,PICO1,WEBL,2 nearby,4,0,3,NA,"nestling measure 2, nestling bleed 1, removed loggers, removed camera","26, 31, 31",NA,2023,PICO
2023-05-09T07:32:22Z,2023-05-09T00:00:00Z,1899-12-30T07:31:00Z,1899-12-30T07:50:00Z,YZ,NA,PICO1,WEBL,1 nearby,NA,0,0,NA,skipped,NA,NA,2023,PICO
2023-05-16T09:16:08Z,2023-05-16T00:00:00Z,1899-12-30T09:15:00Z,1899-12-30T09:30:00Z,YZ,NA,PICO1,WEBL,0,-,0,0,NA,skipped,NA,NA,2023,PICO
2023-06-01T11:55:06Z,2023-06-01T00:00:00Z,NA,NA,KL,PICO,PICO1,WEBL,1 near,4,6,0,Dead baby with red nails and dead male found in box,added loggers,NA,1,2023,PICO
2023-06-06T09:32:36Z,2023-06-06T00:00:00Z,1899-12-30T09:00:00Z,1899-12-30T09:30:00Z,"KL, RK, YZ",NA,PICO1,WEBL,1 inside,4,0,5,NA,"female capture, female bleed, nestling measure 1, added camera","10, 10, 10, 11, 8",NA,2023,PICO
2023-06-16T08:07:48Z,2023-06-16T00:00:00Z,NA,NA,KL,NA,PICO1,WEBL,1 near,4,0,4,NA,"nestling band, nestling bleed 2",NA,NA,2023,PICO
2023-06-29T09:55:48Z,2023-06-29T00:00:00Z,NA,NA,KL,NA,PICO1,WEBL,-,4,0,0,NA,"removed loggers, removed camera",NA,NA,2023,PICO
2023-04-11T08:50:46Z,2023-04-11T00:00:00Z,1899-12-30T08:30:00Z,1899-12-30T09:00:00Z,"KL,RK",NA,PICO13,-,-,-,0,0,NA,none,NA,NA,2023,PICO
2023-04-18T08:21:48Z,2023-04-18T00:00:00Z,NA,NA,KL,NA,PICO13,-,-,-,0,0,NA,none,NA,NA,2023,PICO
2023-04-25T07:40:57Z,2023-04-25T00:00:00Z,1899-12-30T07:40:00Z,1899-12-30T08:00:00Z,RK,NA,PICO13,-,-,0,0,0,NA,none,NA,NA,2023,PICO
2023-05-02T08:34:57Z,2023-05-02T00:00:00Z,1899-12-30T08:32:59Z,1899-12-30T09:00:00Z,Rk,NA,PICO13,WEBL,0,4,0,0,NA,none,NA,NA,2023,PICO
2023-05-09T07:42:02Z,2023-05-09T00:00:00Z,1899-12-30T07:40:00Z,1899-12-30T08:00:00Z,RK,NA,PICO13,-,0,4,0,0,NA,none,NA,NA,2023,PICO
2023-05-16T09:12:58Z,2023-05-16T00:00:00Z,1899-12-30T09:12:00Z,1899-12-30T09:20:00Z,YZ,NA,PICO13,WEBL,1 nearby,4,0,0,NA,none,NA,NA,2023,PICO
2023-06-01T11:51:51Z,2023-06-01T00:00:00Z,1899-12-30T11:49:00Z,1899-12-30T11:59:00Z,RK,NA,PICO13,WEBL,0,4,0,0,NA,none,NA,NA,2023,PICO
2023-06-29T09:49:11Z,2023-06-29T00:00:00Z,NA,NA,KL,NA,PICO13,WEBL,-,4,4,0,NA,added loggers,NA,NA,2023,PICO
2023-07-04T10:59:09Z,2023-07-04T00:00:00Z,1899-12-30T10:50:00Z,1899-12-30T10:58:00Z,"KL, RK",NA,PICO13,WEBL,0,4,4,0,NA,none,NA,NA,2023,PICO
2023-07-13T07:17:46Z,2023-07-13T00:00:00Z,NA,NA,KL,NA,PICO13,WEBL,2 in,4,0,4,NA,"female capture, female bleed, nestling measure 1, added camera","8,9,9,10",NA,2023,PICO
2023-07-18T10:20:02Z,2023-07-18T00:00:00Z,1899-12-30T10:17:00Z,1899-12-30T10:20:00Z,"KL, YZ",NA,PICO13,WEBL,0,4,0,4,Too small to bleed; come back for bleed & measure Thursday,none,NA,NA,2023,PICO
2023-07-26T12:13:17Z,2023-07-26T00:00:00Z,NA,NA,KL,NA,PICO13,WEBL,-,4,0,0,2 dead nestlings :/,"removed loggers, removed camera",NA,2,2023,PICO
2023-04-01T12:13:12Z,2023-04-01T00:00:00Z,1899-12-30T11:48:00Z,1899-12-30T12:15:00Z,KL,PIC,PICR10,WEBL,-,2,0,0,NA,none,NA,NA,2023,PICR
2023-04-04T08:58:41Z,2023-04-04T00:00:00Z,1899-12-30T08:55:00Z,1899-12-30T09:10:00Z,"KL, RK, YZ",PIC,PICR10,WEBL,2,2,0,0,3 adult TRES nearby,none,NA,NA,2023,PICR
2023-04-11T09:26:42Z,2023-04-11T00:00:00Z,1899-12-30T09:25:00Z,1899-12-30T09:49:59Z,"RK, YZ",NA,PICR10,WEBL,1 adult on top,4,0,0,NA,none,NA,NA,2023,PICR
2023-04-18T08:45:00Z,2023-04-18T00:00:00Z,1899-12-30T08:40:00Z,1899-12-30T08:55:00Z,YZ,NA,PICR10,WEBL,0,4,1,0,NA,none,NA,NA,2023,PICR
2023-04-25T08:13:14Z,2023-04-25T00:00:00Z,1899-12-30T08:12:00Z,1899-12-30T08:45:00Z,"RK, YZ",NA,PICR10,WEBL,1 on top of box,4,5,0,NA,added loggers,NA,NA,2023,PICR
2023-05-02T09:30:51Z,2023-05-02T00:00:00Z,1899-12-30T09:29:00Z,1899-12-30T09:29:00Z,YZ,NA,PICR10,WEBL,1 inside,4,5,0,NA,none,NA,NA,2023,PICR
2023-05-09T08:53:30Z,2023-05-09T00:00:00Z,1899-12-30T08:19:59Z,1899-12-30T08:50:00Z,"KL, YZ",NA,PICR10,WEBL,2 nearby,4,0,5,NA,"female capture, female bleed, nestling measure 1","10, 10, 9, 10, 9",NA,2023,PICR
2023-05-16T08:07:44Z,2023-05-16T00:00:00Z,1899-12-30T08:03:00Z,1899-12-30T08:15:00Z,RK,NA,PICR10,WEBL,1 nearby,4,0,5,NA,"added camera, nestling measure 2, nestling bleed 1","32, 29, 32, 32, 33",NA,2023,PICR
2023-05-20T12:02:13Z,2023-05-20T00:00:00Z,NA,NA,KL,NA,PICR10,WEBL,1 near,4,0,5,NA,"nestling band, nestling bleed 2",NA,NA,2023,PICR
2023-06-06T09:45:19Z,2023-06-06T00:00:00Z,1899-12-30T09:40:00Z,1899-12-30T09:45:00Z,"RK, YZ",NA,PICR10,WEBL,0,4,0,0,1 dead fledgling inside,"removed loggers, removed camera",NA,1,2023,PICR
2023-04-11T10:25:14Z,2023-04-11T00:00:00Z,1899-12-30T10:23:00Z,1899-12-30T10:50:00Z,"RK, YZ",NA,RRRG50,WEBL,2 nearby,4,0,0,NA,none,NA,NA,2023,RRRG
2023-04-18T09:27:29Z,2023-04-18T00:00:00Z,1899-12-30T09:26:00Z,1899-12-30T09:49:59Z,"RK, YZ",NA,RRRG50,TRES,3 nearby,3/0,0,0,NA,none,NA,NA,2023,RRRG
2023-04-25T09:55:44Z,2023-04-25T00:00:00Z,1899-12-30T09:54:00Z,1899-12-30T10:00:00Z,"RK, YZ",NA,RRRG50,TRES,2 nearby,4/15,0,0,NA,none,NA,NA,2023,RRRG
2023-05-11T08:49:52Z,2023-05-11T00:00:00Z,1899-12-30T08:49:00Z,1899-12-30T10:10:00Z,"RK, YZ",NA,RRRG50,TRES,2 nearby,4/25,2,0,NA,none,NA,NA,2023,RRRG
2023-05-25T07:35:27Z,2023-05-25T00:00:00Z,1899-12-30T07:34:00Z,1899-12-30T07:40:00Z,"RK, YZ",NA,RRRG50,TRES,1 nearby,4/30,1,0,NA,none,NA,NA,2023,RRRG
2023-06-22T10:58:25Z,2023-06-22T00:00:00Z,1899-12-30T10:50:00Z,1899-12-30T11:00:00Z,"RK, YZ",NA,RRRG50,WEBL,0,4,3,0,NA,added loggers,NA,NA,2023,RRRG
2023-06-27T10:41:38Z,2023-06-27T00:00:00Z,NA,NA,KL,NA,RRRG50,WEBL,1 near,4,1,0,NA,none,NA,NA,2023,RRRG
2023-07-06T09:18:43Z,2023-07-06T00:00:00Z,NA,NA,KL,NA,RRRG50,WEBL,1 in,4,1,1,NA,"female capture, female bleed, nestling measure 1, added camera",14,NA,2023,RRRG
2023-07-11T10:36:54Z,2023-07-11T00:00:00Z,1899-12-30T10:25:00Z,1899-12-30T10:55:00Z,"KL, RK, YZ",NA,RRRG50,WEBL,1 nearby,4,0,1,NA,"nestling measure 2, nestling bleed 1",NA,NA,2023,RRRG
2023-08-03T07:36:19Z,2023-08-03T00:00:00Z,1899-12-30T07:30:00Z,1899-12-30T07:34:59Z,"RK, YZ",NA,RRRG50,WEBL,0,4,2,0,1 dead nestling,"removed loggers, removed camera",NA,1,2023,RRRG
2023-04-11T10:35:59Z,2023-04-11T00:00:00Z,NA,NA,KL,NA,RRRG61,-,-,-,0,0,NA,none,NA,NA,2023,RRRG
2023-04-18T09:28:33Z,2023-04-18T00:00:00Z,NA,NA,KL,NA,RRRG61,WEBL,-,-,0,0,NA,none,NA,NA,2023,RRRG
2023-04-25T09:56:45Z,2023-04-25T00:00:00Z,NA,NA,KL,NA,RRRG61,-,-,-,0,0,NA,none,NA,NA,2023,RRRG
2023-05-02T11:07:09Z,2023-05-02T00:00:00Z,1899-12-30T11:05:00Z,1899-12-30T11:10:00Z,"RK, YZ",NA,RRRG61,-,0,1,0,0,NA,none,NA,NA,2023,RRRG
2023-05-11T08:49:36Z,2023-05-11T00:00:00Z,NA,NA,KL,NA,RRRG61,TRES,-,1/0,0,0,NA,none,NA,NA,2023,RRRG
2023-06-06T12:04:39Z,2023-06-06T00:00:00Z,NA,NA,KL,NA,RRRG61,WEBL,1 in,4,5,0,NA,added loggers,NA,NA,2023,RRRG
2023-06-13T10:59:26Z,2023-06-13T00:00:00Z,NA,NA,KL,NA,RRRG61,WEBL,-,4,4,0,NA,none,NA,NA,2023,RRRG
2023-06-22T11:06:46Z,2023-06-22T00:00:00Z,NA,NA,KL,NA,RRRG61,WEBL,-,4,1,1,1 very cold nestling rescued by Yifang,removed loggers,NA,1,2023,RRRG
2023-03-31T12:16:46Z,2023-03-31T00:00:00Z,1899-12-30T12:15:00Z,1899-12-30T12:45:00Z,KL,RRR,RRRR3,-,-,-,0,0,NA,none,NA,NA,2023,RRRR
2023-04-04T10:08:25Z,2023-04-04T00:00:00Z,1899-12-30T10:06:00Z,1899-12-30T10:20:00Z,"YZ, RK",RRR,RRRR3,TRES,4,0,0,0,"4 TRES,, 2 nearby and 2 on top of nestbox",none,NA,NA,2023,RRRR
2023-04-11T10:58:07Z,2023-04-11T00:00:00Z,1899-12-30T10:58:00Z,1899-12-30T11:19:59Z,"RK, YZ",NA,RRRR3,TRES,2 on top,1/0,0,0,NA,none,NA,NA,2023,RRRR
2023-04-18T09:45:55Z,2023-04-18T00:00:00Z,1899-12-30T09:45:00Z,1899-12-30T09:49:59Z,"RK, YZ",NA,RRRR3,WEBL,1 nearby,4,0,0,4 adult TRES nearby,none,NA,NA,2023,RRRR
2023-04-25T10:12:28Z,2023-04-25T00:00:00Z,1899-12-30T10:11:00Z,1899-12-30T10:30:00Z,"RK, YZ",NA,RRRR3,WEBL,-,4,0,0,NA,none,NA,NA,2023,RRRR
2023-05-02T10:58:48Z,2023-05-02T00:00:00Z,NA,NA,KL,NA,RRRR3,WEBL,1 female in,4,5,0,NA,added loggers,NA,NA,2023,RRRR
2023-05-11T08:04:37Z,2023-05-11T00:00:00Z,NA,NA,KL,NA,RRRR3,WEBL,-,4,5,0,NA,none,NA,NA,2023,RRRR
2023-06-13T10:11:44Z,2023-06-13T00:00:00Z,1899-12-30T10:00:00Z,1899-12-30T10:15:00Z,"RK, YZ",NA,RRRR3,-,0,4,0,0,NA,removed loggers,NA,NA,2023,RRRR
2023-06-22T08:50:45Z,2023-06-22T00:00:00Z,1899-12-30T08:50:00Z,1899-12-30T09:00:00Z,"RK, YZ",NA,RRRR3,WEBL,1 inside,4,4,0,NA,added loggers,NA,NA,2023,RRRR
2023-06-27T09:08:12Z,2023-06-27T00:00:00Z,NA,NA,KL,NA,RRRR3,WEBL,-,4,5,0,NA,none,NA,NA,2023,RRRR
2023-07-05T11:42:24Z,2023-07-05T00:00:00Z,1899-12-30T11:19:59Z,1899-12-30T11:45:00Z,"KL, RK",NA,RRRR3,WEBL,1 in,4,0,3,NA,"female capture, female bleed, nestling measure 1, added camera","10, 9, 9",NA,2023,RRRR
2023-07-13T10:07:11Z,2023-07-13T00:00:00Z,1899-12-30T09:00:00Z,1899-12-30T10:15:00Z,"KL, RK, YZ",NA,RRRR3,WEBL,1 near,4,0,3,NA,"nestling band, nestling bleed 2",NA,NA,2023,RRRR
2023-08-03T07:54:39Z,2023-08-03T00:00:00Z,1899-12-30T07:53:00Z,1899-12-30T07:55:00Z,"RK, YZ",NA,RRRR3,WEBL,0,4,0,0,3 dead nestlings,"removed loggers, removed camera",NA,3,2023,RRRR
2023-03-31T12:21:24Z,2023-03-31T00:00:00Z,1899-12-30T12:15:00Z,1899-12-30T12:45:00Z,KL,RRR,RRRR8,TRES,-,-,0,0,NA,none,NA,NA,2023,RRRR
2023-04-04T10:05:57Z,2023-04-04T00:00:00Z,1899-12-30T10:00:00Z,1899-12-30T10:15:00Z,KL,NA,RRRR8,TRES,2 near,1/0,0,0,NA,none,NA,NA,2023,RRRR
2023-04-11T10:58:01Z,2023-04-11T00:00:00Z,NA,NA,KL,NA,RRRR8,WEBL,-,2,0,0,NA,none,NA,NA,2023,RRRR
2023-04-18T09:45:10Z,2023-04-18T00:00:00Z,NA,NA,KL,NA,RRRR8,TRES,2 on,2/0,0,0,NA,none,NA,NA,2023,RRRR
2023-04-25T10:13:01Z,2023-04-25T00:00:00Z,NA,NA,KL,NA,RRRR8,TRES,1 near,3/0,0,0,NA,none,NA,NA,2023,RRRR
2023-05-02T11:10:27Z,2023-05-02T00:00:00Z,NA,NA,KL,NA,RRRR8,WEBL,-,4,0,0,NA,none,NA,NA,2023,RRRR
2023-05-11T08:02:31Z,2023-05-11T00:00:00Z,1899-12-30T08:02:00Z,1899-12-30T08:19:59Z,"RK, YZ",NA,RRRR8,WEBL,1 inside,4,5,0,NA,added loggers,NA,NA,2023,RRRR
2023-05-18T12:10:19Z,2023-05-18T00:00:00Z,NA,NA,KL,NA,RRRR8,WEBL,1 in,4,5,0,NA,none,NA,NA,2023,RRRR
2023-05-25T09:20:38Z,2023-05-25T00:00:00Z,1899-12-30T08:40:00Z,1899-12-30T09:17:59Z,"RK, KL, YZ",NA,RRRR8,WEBL,2 nearby,4,0,5,NA,"female capture, female bleed, nestling measure 1, added camera","15, 21, 18, 20",NA,2023,RRRR
2023-06-01T09:30:29Z,2023-06-01T00:00:00Z,1899-12-30T09:20:00Z,1899-12-30T09:30:00Z,"RK, YZ, KL",NA,RRRR8,WEBL,0,4,0,0,Nestlings gone; predation,"removed loggers, removed camera",NA,NA,2023,RRRR
2023-06-22T09:00:11Z,2023-06-22T00:00:00Z,1899-12-30T08:59:00Z,1899-12-30T09:15:00Z,"RK, YZ",NA,RRRR8,WEBL,1 near,4,5,0,NA,added loggers,NA,NA,2023,RRRR
2023-06-27T08:59:15Z,2023-06-27T00:00:00Z,NA,NA,KL,NA,RRRR8,WEBL,1 in,4,5,0,NA,none,NA,NA,2023,RRRR
2023-07-05T11:20:31Z,2023-07-05T00:00:00Z,NA,NA,KL,NA,RRRR8,WEBL,2 in,4,0,5,NA,nestling measure 1,"10,14,15,15,9",NA,2023,RRRR
2023-07-13T10:04:53Z,2023-07-13T00:00:00Z,1899-12-30T09:00:00Z,1899-12-30T10:15:00Z,"KL, RK, YZ",NA,RRRR8,WEBL,1 near,4,0,4,NA,"nestling band, nestling bleed 2",NA,NA,2023,RRRR
2023-08-03T08:03:05Z,2023-08-03T00:00:00Z,NA,NA,KL,NA,RRRR8,TRES,-,4/3,0,0,Dead nestling band 2941-94708,"removed loggers, removed camera",NA,1,2023,RRRR
