date.x,plate,blood_num,s1,s2,blood_num_mother,brood_size,cort_s1_mother,cort_s2_mother,Species,Nestbox,year,habitat,canopy_cover,site,attempt_id,date.y,juliandate,ind_id,band_number,occasion,Age,age,Sex,meanh,meanmaxtempI,weight,wing,tail,skull,bill,tarsus,gweight,gwing,gtail,gskull,gbill,gtarsus,condition
10/13/2023,A26,B308,43.47,NA,B286,5,5.98,35.61,WEBL,MBNC13,2022,Forest,71.776,MB,2022_MBNC13_2,2022-06-28,179,2941-18513,2941-18513,3,L,15,M,46.08231336805556,37.17725,23.5,55,20,30,5.4,20,0.7999999999999998,4.25,3.25,0.17499999999999982,0.025000000000000133,-0.025000000000000355,1.175
10/3/2023,A21,B130,20.2,22.865,NA,5,NA,NA,WEBL,PICG1,2022,Grassland,0,PG,2022_PICG1_1,2022-05-24,144,2941-94531,NA,2,L,9,U,38.143328993055555,39.9855625,19.4,29,3,27.3,3.8,19,1.0333333333333325,4,0.6666666666666666,1.3000000000000007,0.2666666666666666,1.3666666666666665,1.0210526315789472
9/12/2023,A07,B079,16.275,54.59,B079,6,16.275,54.59,WEBL,PCC6,2022,Forest,NA,PG,2022_PCC6_1,2022-05-09,129,2941-18498,2941-18498,1,AHY,11,F,51.43942274305556,24.581249999999997,24.2,101,59,36,7.7,21.1,NA,NA,NA,NA,NA,NA,1.1469194312796207
9/13/2023,A09,B036,57.915,NA,NA,4,NA,NA,WEBL,BRO1,2022,Orchard,17.331999999999994,WI,2022_BRO1_1,2022-04-26,116,2941-18477,NA,1,L,6,U,50.225260416666664,24.375,NA,18,0,25.4,3.5,15.3,NA,NA,NA,NA,NA,NA,NA
9/21/2023,A12,B107,75.965,70.2,B048,5,4.5265,27.135,WEBL,MBNR1,2022,Row crop,3.882000000000005,MB,2022_MBNR1_1,2022-05-02,122,2941-94507,2941-94507,2,L,12,F,47.952486979166665,31.5115625,21.5,41,11,29.5,5,18.8,0.9000000000000004,4.75,2.5,0.625,0.125,0.27500000000000036,1.1436170212765957
9/21/2023,A12,B119,17.915,19.88,NA,4,NA,NA,WEBL,MCE3,2022,Orchard,27.081000000000003,WI,2022_MCE3_1,2022-05-12,132,2022_MCE3_1_Red,NA,2,L,12,U,NA,23.75,16.9,36,5,27.8,4.4,19.2,0.07499999999999973,2.875,0.5,0.4750000000000001,0,0.7749999999999999,0.8802083333333333
9/5/2023,A02,B534,132.6,205.1,B521,4,5.8985,35.215,WEBL,PCC5,2023,Forest,81.963,PG,2023_PCC5_1,2023-07-04,185,3181-01212,NA,2,L,10,U,60.32763888888889,34.8565,22.8,31,3,26.7,4.7,19,2.5,4,0.6,0.7399999999999999,0.26000000000000006,1.3800000000000001,1.2
9/5/2023,A02,B535,126.75,160.7,B521,4,5.8985,35.215,WEBL,PCC5,2023,Forest,81.963,PG,2023_PCC5_1,2023-07-04,185,3181-01211,NA,2,L,10,U,60.32763888888889,34.8565,24.8,31,4,28.5,4.5,19.7,2.64,3.8,0.8,1.3799999999999997,0.3,1.3799999999999997,1.2588832487309645
9/5/2023,A02,B543,134.65,226.6,B543,3,134.65,226.6,WEBL,RRRR3,2023,Row crop,0,RR,2023_RRRR3_1,2023-07-05,186,2941-94705,2941-94705,1,AHY,3,F,NA,37.823375,28.9,103,64,37,8.9,21.5,NA,NA,NA,NA,NA,NA,1.3441860465116278
9/5/2023,A02,B545,103.445,238.5,B545,1,103.445,238.5,WEBL,RRRG50,2023,Grassland,0,RR,2023_RRRG50_1,2023-07-06,187,2941-94706,2941-94706,1,AHY,4,F,NA,38.4436875,25.8,97,56,35.4,9.3,19.6,NA,NA,NA,NA,NA,NA,1.316326530612245
9/5/2023,A02,B551,117.1,235.95,B521,4,5.8985,35.215,WEBL,PCC5,2023,Forest,81.963,PG,2023_PCC5_1,2023-07-10,191,3181-01211,3181-01211,3,L,17,M,62.39078125,30.16075,30.5,58,23,31.1,6.3,21.2,0.9499999999999998,4.5,3.1666666666666665,0.43333333333333357,0.3,0.25,1.4386792452830188
9/5/2023,A02,B552,146.5,238.7,B521,4,5.8985,35.215,WEBL,PCC5,2023,Forest,81.963,PG,2023_PCC5_1,2023-07-10,191,3181-01212,3181-01212,3,L,17,M,62.39078125,30.16075,28.9,60,23,30.3,5.6,19.8,1.0166666666666664,4.833333333333333,3.3333333333333335,0.6000000000000002,0.1499999999999999,0.13333333333333344,1.4595959595959596
9/5/2023,A02,B556,118.35,217.2,B556,4,118.35,217.2,WEBL,BRO7,2023,Orchard,59.727,WI,2023_BRO7_1,2023-07-11,192,3181-01213,3181-01213,1,AHY,1,F,52.91530815972222,32.62835714285714,28.4,97,61,35.9,9.1,20.4,NA,NA,NA,NA,NA,NA,1.392156862745098
9/5/2023,A02,B557,93.91,98.615,NA,4,NA,NA,WEBL,BRO2,2023,Orchard,88.634,WI,2023_BRO2_1,2023-07-11,192,3181-01215,NA,2,L,6,U,52.91530815972222,32.3085625,16.3,17,0,25.9,3.6,15.8,2.266666666666667,1.6666666666666667,0,1.7999999999999998,0.2333333333333333,1.7000000000000002,1.0316455696202531
9/5/2023,A02,B558,116.85,340.1,NA,4,NA,NA,WEBL,BRO2,2023,Orchard,88.634,WI,2023_BRO2_1,2023-07-11,192,3181-01217,NA,1,L,6,U,52.91530815972222,32.3085625,14.9,17,0,25,4,16.1,NA,NA,NA,NA,NA,NA,0.9254658385093167
9/5/2023,A02,B559,123.1,NA,NA,4,NA,NA,WEBL,BRO2,2023,Orchard,88.634,WI,2023_BRO2_1,2023-07-11,192,3181-01216,NA,1,L,6,U,52.91530815972222,32.3085625,13.8,14,0,24.6,3.6,14.6,NA,NA,NA,NA,NA,NA,0.9452054794520549
9/5/2023,A02,B560,93.115,135.1,B545,1,103.445,238.5,WEBL,RRRG50,2023,Grassland,0,RR,2023_RRRG50_1,2023-07-11,192,2941-94715,NA,2,L,9,U,NA,33.4305,20,27,4,28.1,4.5,17.4,1.44,2.6,0.6,0.8400000000000005,0.25999999999999995,0.8599999999999998,1.149425287356322
9/5/2023,A02,B569,147.4,310,B569,4,147.4,310,WEBL,PICO13,2023,Orchard,62.13,PG,2023_PICO13_1,2023-07-13,194,2941-94707,2941-94707,1,AHY,3,F,60.06712673611111,33.8520625,24.7,98,57,34.9,8.4,19.7,NA,NA,NA,NA,NA,NA,1.2538071065989849
9/5/2023,A02,B573,102.235,189.35,NA,5,NA,NA,WEBL,RRRR8,2023,Row crop,0,RR,2023_RRRR8_2,2023-07-13,194,2941-94708,2941-94708,2,L,10,F,NA,NA,23.9,36,7,28.2,4.6,19.1,2.15,3.25,0.875,1.0875,0.23749999999999993,1.3000000000000003,1.25130890052356
9/5/2023,A02,B574,119.55,197.05,NA,5,NA,NA,WEBL,RRRR8,2023,Row crop,0,RR,2023_RRRR8_2,2023-07-13,194,2941-94709,2941-94709,2,L,10,F,NA,NA,25.9,49,15,30.2,5.4,19.4,1.5499999999999998,4.25,1.875,0.8249999999999997,0.20000000000000007,0.7999999999999998,1.3350515463917525
9/5/2023,A02,B575,123.75,200.8,NA,5,NA,NA,WEBL,RRRR8,2023,Row crop,0,RR,2023_RRRR8_2,2023-07-13,194,2941-94710,2941-94710,2,L,10,M,NA,NA,25.9,46,19,29.7,5.3,20,1.5624999999999998,3.875,2.375,0.7124999999999999,0.21249999999999997,0.8500000000000001,1.295
9/5/2023,A02,B576,170.95,303.35,NA,5,NA,NA,WEBL,RRRR8,2023,Row crop,0,RR,2023_RRRR8_2,2023-07-13,194,2941-94711,2941-94711,2,L,10,F,NA,NA,23.8,45,13,29.5,5.2,19.6,1.5750000000000002,3.875,1.625,0.7875000000000001,0.25,1.0000000000000002,1.2142857142857142
9/5/2023,A02,B577,108.75,164.7,B543,3,134.65,226.6,WEBL,RRRR3,2023,Row crop,0,RR,2023_RRRR3_1,2023-07-13,194,2941-94712,2941-94712,2,L,12,U,NA,33.6790625,25,35,8,29,5,20,2.575,3.25,1,1.5125000000000002,0.35,1.6625,1.25
9/5/2023,A02,B578,114.4,128.6,B543,3,134.65,226.6,WEBL,RRRR3,2023,Row crop,0,RR,2023_RRRR3_1,2023-07-13,194,2941-94713,2941-94713,2,L,12,M,NA,33.6790625,26.7,42,10,29.4,5.1,20.7,2.375,4,1.25,1.1875,0.2875,1.4,1.289855072463768
9/5/2023,A02,B579,126.2,NA,B543,3,134.65,226.6,WEBL,RRRR3,2023,Row crop,0,RR,2023_RRRR3_1,2023-07-13,194,2941-94714,2941-94714,2,L,12,F,NA,33.6790625,25.6,41,10,29.9,5.1,21,2.1375,4,1.25,1.2999999999999998,0.31249999999999994,1.3125,1.2190476190476192
9/6/2023,A04,B581,34.205,73.575,B545,1,103.445,238.5,WEBL,RRRG50,2023,Grassland,0,RR,2023_RRRG50_1,2023-07-14,195,2941-94715,2941-94715,3,L,8,F,NA,35.55925,18.1,33,9,29.4,4.7,17.7,-0.6333333333333329,2,1.6666666666666667,0.4333333333333324,0.06666666666666672,0.10000000000000024,1.0225988700564972
